#timestamp [ns],w_RS_S_x [rad s^-1],w_RS_S_y [rad s^-1],w_RS_S_z [rad s^-1],a_RS_S_x [m s^-2],a_RS_S_y [m s^-2],a_RS_S_z [m s^-2]
1743989195868245000,0.0007989726727828383,0.0035953770857304335,-0.0005326484679244459,-0.48021674156188965,0.5017726421356201,-9.707324028015137
1743989195909373000,0.000932134804315865,0.0039948634803295135,-0.0019974317401647568,-0.44668540358543396,0.5257235765457153,-9.678583145141602
1743989195951299000,0.0,-0.0029295666608959436,0.003861701348796487,-0.45985841751098633,0.500575065612793,-9.69654655456543
1743989195990376000,0.0021305938716977835,-0.000932134804315865,0.0007989726727828383,-0.4790191948413849,0.4933897852897644,-9.680977821350098
1743989196032701000,0.0013316211989149451,0.0031958906911313534,0.002396918134763837,-0.45985841751098633,0.4718339145183563,-9.695348739624023
1743989196073381000,0.0011984590673819184,0.0017311074770987034,-0.000932134804315865,-0.44668540358543396,0.4670437276363373,-9.700139045715332
1743989196115532000,0.00026632423396222293,-0.002796404529362917,0.004660673905164003,-0.48859959840774536,0.48021674156188965,-9.70971965789795
1743989196155514000,-0.00372853921726346,-0.0054596466943621635,0.00186426960863173,-0.47422900795936584,0.4874020218849182,-9.698941230773926
1743989196196616000,0.0026632423978298903,0.0010652969358488917,-0.002396918134763837,-0.4610559940338135,0.48380938172340393,-9.70492935180664
1743989196235506000,0.0,0.00226375600323081,-0.0010652969358488917,-0.4658461809158325,0.4574633240699768,-9.702533721923828
1743989196276921000,0.00013316211698111147,-0.0011984590673819184,0.0011984590673819184,-0.4550682306289673,0.505365252494812,-9.710916519165039
1743989196318157000,0.00013316211698111147,-0.0019974317401647568,0.0035953770857304335,-0.45027804374694824,0.4778216481208801,-9.708521842956543
1743989196358132000,0.0005326484679244459,0.002396918134763837,-0.00372853921726346,-0.463451087474823,0.4969824254512787,-9.733670234680176
1743989196398289000,-0.00013316211698111147,-0.0010652969358488917,0.00026632423396222293,-0.4550682306289673,0.5017726421356201,-9.713312149047852
1743989196437458000,0.0005326484679244459,0.00026632423396222293,-0.002796404529362917,-0.43231484293937683,0.4909946918487549,-9.70971965789795
1743989196475824000,0.00039948633639141917,-0.00372853921726346,-0.00026632423396222293,-0.463451087474823,0.4550682306289673,-9.724089622497559
1743989196519515000,0.000932134804315865,0.005592809058725834,-0.0021305938716977835,-0.45267313718795776,0.5017726421356201,-9.745645523071289
1743989196559043000,-0.0005326484679244459,0.0054596466943621635,-0.0013316211989149451,-0.48620447516441345,0.4694388210773468,-9.660619735717773
1743989196599400000,0.0015979453455656767,0.0025300802662968636,-0.0021305938716977835,-0.4478829503059387,0.5041677355766296,-9.724089622497559
1743989196642461000,0.0029295666608959436,-0.00186426960863173,0.0014647833304479718,-0.45027804374694824,0.4993775188922882,-9.710916519165039
1743989196683411000,-0.0006658105994574726,-0.004128025844693184,0.0025300802662968636,-0.4670437276363373,0.5161432027816772,-9.664212226867676
1743989196723795000,-0.002396918134763837,0.0,0.00013316211698111147,-0.48021674156188965,0.4969824254512787,-9.703731536865234
1743989196761216000,-0.0006658105994574726,0.00013316211698111147,0.0,-0.4550682306289673,0.4670437276363373,-9.708521842956543
1743989196803314000,0.0017311074770987034,0.004926998168230057,-0.0021305938716977835,-0.48021674156188965,0.5137481093406677,-9.707324028015137
1743989196846217000,0.00186426960863173,0.0030627287924289703,0.00013316211698111147,-0.45985841751098633,0.48859959840774536,-9.695348739624023
1743989196885487000,0.0005326484679244459,-0.0013316211989149451,0.003861701348796487,-0.4538706839084625,0.4993775188922882,-9.71929931640625
1743989196923008000,-0.000932134804315865,0.0034622149541974068,0.0017311074770987034,-0.45985841751098633,0.47422900795936584,-9.722891807556152
1743989196966021000,0.00332905282266438,0.0026632423978298903,-0.00186426960863173,-0.4574633240699768,0.4933897852897644,-9.70971965789795
1743989197009768000,-0.0005326484679244459,-0.002396918134763837,0.0017311074770987034,-0.49817997217178345,0.48261183500289917,-9.677385330200195
1743989197047588000,-0.0007989726727828383,-0.005725970957428217,0.005859133321791887,-0.4933897852897644,0.4778216481208801,-9.679780960083008
1743989197089486000,0.0030627287924289703,0.0019974317401647568,-0.0005326484679244459,-0.4694388210773468,0.4790191948413849,-9.669002532958984
1743989197131637000,-0.0005326484679244459,-0.0019974317401647568,0.0006658105994574726,-0.4754265546798706,0.5065628290176392,-9.702533721923828
1743989197170488000,0.00026632423396222293,0.00039948633639141917,-0.0021305938716977835,-0.47662410140037537,0.48380938172340393,-9.676187515258789
1743989197211559000,0.00013316211698111147,0.004793836269527674,-0.0025300802662968636,-0.4574633240699768,0.5113530158996582,-9.700139045715332
1743989197253220000,-0.0007989726727828383,0.004128025844693184,-0.0017311074770987034,-0.45866087079048157,0.5077603459358215,-9.639063835144043
1743989197291392000,-0.0015979453455656767,0.002396918134763837,-0.0025300802662968636,-0.48021674156188965,0.4730314612388611,-9.69774341583252
1743989197332206000,-0.00226375600323081,-0.000932134804315865,0.00026632423396222293,-0.4454878568649292,0.4897971451282501,-9.70492935180664
1743989197374419000,-0.00226375600323081,-0.005725970957428217,0.0031958906911313534,-0.45626577734947205,0.4814142882823944,-9.707324028015137
1743989197414097000,0.00439434964209795,0.004926998168230057,-0.00226375600323081,-0.45027804374694824,0.5041677355766296,-9.70612621307373
1743989197455479000,0.00026632423396222293,0.00519332243129611,-0.00186426960863173,-0.47422900795936584,0.4909946918487549,-9.686965942382812
1743989197496454000,-0.0015979453455656767,-0.00439434964209795,0.0006658105994574726,-0.4730314612388611,0.505365252494812,-9.686965942382812
1743989197534059000,-0.00013316211698111147,0.00026632423396222293,0.0006658105994574726,-0.4538706839084625,0.49458733201026917,-9.69654655456543
1743989197575425000,0.0015979453455656767,0.004128025844693184,-0.00439434964209795,-0.4478829503059387,0.4897971451282501,-9.73247241973877
1743989197616956000,-0.00039948633639141917,0.0029295666608959436,-0.00332905282266438,-0.44069766998291016,0.500575065612793,-9.698941230773926
1743989197657931000,-0.0031958906911313534,-0.0035953770857304335,0.0039948634803295135,-0.4754265546798706,0.4874020218849182,-9.679780960083008
1743989197699927000,0.004128025844693184,0.0026632423978298903,-0.0031958906911313534,-0.46464863419532776,0.46824127435684204,-9.722891807556152
1743989197738569000,-0.00013316211698111147,-0.0014647833304479718,0.0025300802662968636,-0.4670437276363373,0.5089579224586487,-9.74085521697998
1743989197781462000,0.0030627287924289703,-0.0013316211989149451,-0.0015979453455656767,-0.47063636779785156,0.5113530158996582,-9.69654655456543
1743989197822187000,0.00039948633639141917,-0.00013316211698111147,0.00372853921726346,-0.45267313718795776,0.4754265546798706,-9.703731536865234
1743989197861063000,0.00026632423396222293,-0.00013316211698111147,0.0,-0.46824127435684204,0.5029701590538025,-9.67139720916748
1743989197902302000,-0.00186426960863173,-0.000932134804315865,0.004261187743395567,-0.4550682306289673,0.48859959840774536,-9.69654655456543
1743989197943023000,-0.000932134804315865,-0.00439434964209795,0.0031958906911313534,-0.4670437276363373,0.4850069284439087,-9.708521842956543
1743989197984472000,-0.0006658105994574726,-0.0013316211989149451,-0.0014647833304479718,-0.4718339145183563,0.48021674156188965,-9.692953109741211
1743989198024634000,-0.00026632423396222293,0.0025300802662968636,-0.0006658105994574726,-0.4754265546798706,0.4814142882823944,-9.707324028015137
1743989198062718000,0.0014647833304479718,0.0006658105994574726,-0.0010652969358488917,-0.4550682306289673,0.49817997217178345,-9.698941230773926
1743989198106246000,-0.0006658105994574726,0.0006658105994574726,0.0025300802662968636,-0.43830257654190063,0.49458733201026917,-9.67139720916748
1743989198146166000,-0.0014647833304479718,-0.00226375600323081,0.007723402697592974,-0.45626577734947205,0.5077603459358215,-9.698941230773926
1743989198186580000,0.0,0.0007989726727828383,0.0,-0.4490804970264435,0.500575065612793,-9.673792839050293
1743989198227081000,0.00039948633639141917,-0.0007989726727828383,-0.0005326484679244459,-0.46824127435684204,0.49817997217178345,-9.728879928588867
1743989198268991000,-0.00186426960863173,-0.0029295666608959436,0.00332905282266438,-0.45985841751098633,0.5209333896636963,-9.691756248474121
1743989198309494000,-0.0011984590673819184,0.002396918134763837,-0.0021305938716977835,-0.4718339145183563,0.5113530158996582,-9.673792839050293
1743989198350684000,0.0,-0.0011984590673819184,0.0011984590673819184,-0.46225354075431824,0.4790191948413849,-9.678583145141602
1743989198390152000,-0.0013316211989149451,-0.00226375600323081,-0.000932134804315865,-0.4574633240699768,0.4909946918487549,-9.67020034790039
1743989198431800000,0.0011984590673819184,-0.0010652969358488917,0.0005326484679244459,-0.45267313718795776,0.48261183500289917,-9.698941230773926
1743989198469543000,0.0006658105994574726,0.00332905282266438,0.00186426960863173,-0.4215368926525116,0.510155439376831,-9.731274604797363
1743989198512759000,0.0013316211989149451,0.002396918134763837,0.0014647833304479718,-0.48021674156188965,0.4909946918487549,-9.694150924682617
1743989198549889000,0.00026632423396222293,-0.003861701348796487,0.0006658105994574726,-0.45027804374694824,0.4897971451282501,-9.716904640197754
1743989198589916000,0.00013316211698111147,0.0005326484679244459,0.0010652969358488917,-0.46225354075431824,0.5089579224586487,-9.701335906982422
1743989198633708000,0.0,-0.00226375600323081,0.00452751200646162,-0.5017726421356201,0.45866087079048157,-9.70971965789795
1743989198673683000,0.0011984590673819184,0.00226375600323081,-0.0013316211989149451,-0.4730314612388611,0.48859959840774536,-9.73965835571289
1743989198717044000,0.00013316211698111147,0.00026632423396222293,-0.0005326484679244459,-0.4718339145183563,0.4969824254512787,-9.715706825256348
1743989198754297000,0.00013316211698111147,-0.000932134804315865,0.0005326484679244459,-0.45267313718795776,0.4897971451282501,-9.721694946289062
1743989198797436000,0.0,0.00026632423396222293,-0.0010652969358488917,-0.4658461809158325,0.49219223856925964,-9.69774341583252
1743989198832871000,0.0017311074770987034,-0.00013316211698111147,-0.0006658105994574726,-0.43830257654190063,0.5125505328178406,-9.691756248474121
1743989198877279000,0.00026632423396222293,0.0021305938716977835,-0.00026632423396222293,-0.4430927634239197,0.48620447516441345,-9.6845703125
1743989198919100000,0.000932134804315865,0.0013316211989149451,0.0025300802662968636,-0.45626577734947205,0.48021674156188965,-9.716904640197754
1743989198957290000,0.00013316211698111147,0.0029295666608959436,0.0,-0.4371050298213959,0.5089579224586487,-9.715706825256348
1743989198998453000,0.00026632423396222293,0.0025300802662968636,0.0,-0.45866087079048157,0.47662410140037537,-9.664212226867676
1743989199040459000,0.0,-0.0014647833304479718,0.00332905282266438,-0.48021674156188965,0.4778216481208801,-9.722891807556152
1743989199079547000,-0.0017311074770987034,-0.0010652969358488917,-0.00026632423396222293,-0.4730314612388611,0.4897971451282501,-9.714509010314941
1743989199117989000,-0.00039948633639141917,-0.0014647833304479718,0.0021305938716977835,-0.4909946918487549,0.48859959840774536,-9.714509010314941
1743989199162498000,-0.0026632423978298903,-0.0017311074770987034,-0.00039948633639141917,-0.4814142882823944,0.4969824254512787,-9.703731536865234
1743989199202839000,0.0029295666608959436,0.00519332243129611,0.00039948633639141917,-0.4850069284439087,0.4778216481208801,-9.714509010314941
1743989199244341000,0.0011984590673819184,-0.00039948633639141917,0.00186426960863173,-0.46225354075431824,0.48380938172340393,-9.688163757324219
1743989199283303000,-0.0013316211989149451,0.0030627287924289703,-0.00026632423396222293,-0.45866087079048157,0.48021674156188965,-9.701335906982422
1743989199323316000,0.0005326484679244459,0.00226375600323081,0.0010652969358488917,-0.48380938172340393,0.48620447516441345,-9.70492935180664
1743989199362923000,-0.000932134804315865,-0.0015979453455656767,0.0013316211989149451,-0.4574633240699768,0.5017726421356201,-9.695348739624023
1743989199400564000,0.0013316211989149451,0.0029295666608959436,-0.0026632423978298903,-0.4993775188922882,0.5113530158996582,-9.707324028015137
1743989199444306000,0.0017311074770987034,0.008122889325022697,-0.0013316211989149451,-0.4574633240699768,0.4790191948413849,-9.695348739624023
1743989199485513000,0.0013316211989149451,-0.0014647833304479718,0.0031958906911313534,-0.4993775188922882,0.4610559940338135,-9.692953109741211
1743989199526626000,-0.00026632423396222293,0.0030627287924289703,-0.002396918134763837,-0.49458733201026917,0.49817997217178345,-9.73247241973877
1743989199568738000,0.0,-0.0013316211989149451,0.00452751200646162,-0.48021674156188965,0.47063636779785156,-9.679780960083008
1743989199608516000,-0.0014647833304479718,-0.0013316211989149451,0.00026632423396222293,-0.4658461809158325,0.4874020218849182,-9.653434753417969
1743989199649558000,0.00039948633639141917,0.0035953770857304335,-0.0007989726727828383,-0.4718339145183563,0.4897971451282501,-9.71810245513916
1743989199691819000,-0.002396918134763837,-0.00226375600323081,0.0014647833304479718,-0.49817997217178345,0.49817997217178345,-9.676187515258789
1743989199730240000,-0.0013316211989149451,-0.002796404529362917,0.0005326484679244459,-0.47063636779785156,0.47662410140037537,-9.700139045715332
1743989199773123000,0.00013316211698111147,-0.000932134804315865,0.0021305938716977835,-0.4874020218849182,0.4718339145183563,-9.678583145141602
1743989199812570000,-0.0006658105994574726,0.0006658105994574726,-0.0030627287924289703,-0.47662410140037537,0.5041677355766296,-9.64864444732666
1743989199851551000,0.004926998168230057,0.002796404529362917,-0.0030627287924289703,-0.46225354075431824,0.48261183500289917,-9.667804718017578
1743989199890745000,-0.0005326484679244459,-0.0029295666608959436,0.0021305938716977835,-0.4754265546798706,0.49458733201026917,-9.680977821350098
1743989199931726000,-0.0007989726727828383,0.0014647833304479718,-0.0031958906911313534,-0.46225354075431824,0.48261183500289917,-9.658225059509277
1743989199972876000,0.00039948633639141917,0.0006658105994574726,-0.002796404529362917,-0.43830257654190063,0.4909946918487549,-9.679780960083008
1743989200014704000,-0.0007989726727828383,-0.0006658105994574726,0.00226375600323081,-0.45866087079048157,0.48859959840774536,-9.68337345123291
1743989200057837000,0.002396918134763837,0.0,0.0017311074770987034,-0.463451087474823,0.49817997217178345,-9.712114334106445
1743989200093528000,0.00332905282266438,0.00026632423396222293,0.00026632423396222293,-0.4299197196960449,0.48021674156188965,-9.669002532958984
1743989200138196000,0.000932134804315865,-0.0025300802662968636,0.0039948634803295135,-0.4311172664165497,0.5400941371917725,-9.689360618591309
1743989200178240000,0.0011984590673819184,0.0007989726727828383,-0.0017311074770987034,-0.46824127435684204,0.5233284831047058,-9.70492935180664
1743989200217320000,0.0,0.00039948633639141917,0.00013316211698111147,-0.4850069284439087,0.4874020218849182,-9.701335906982422
1743989200255383000,0.0011984590673819184,0.0017311074770987034,-0.0035953770857304335,-0.45027804374694824,0.5317113399505615,-9.679780960083008
1743989200299840000,0.0015979453455656767,0.000932134804315865,0.00013316211698111147,-0.46225354075431824,0.4969824254512787,-9.710916519165039
1743989200336854000,-0.0035953770857304335,-0.0006658105994574726,0.0014647833304479718,-0.46464863419532776,0.48380938172340393,-9.71929931640625
1743989200380823000,0.0017311074770987034,-0.00013316211698111147,0.0021305938716977835,-0.4694388210773468,0.5077603459358215,-9.692953109741211
1743989200421155000,0.00226375600323081,0.0031958906911313534,-0.0011984590673819184,-0.4814142882823944,0.4897971451282501,-9.700139045715332
1743989200461727000,0.000932134804315865,0.0005326484679244459,0.0007989726727828383,-0.4610559940338135,0.4909946918487549,-9.724089622497559
1743989200503386000,-0.0021305938716977835,-0.004660673905164003,0.0026632423978298903,-0.47662410140037537,0.4778216481208801,-9.649842262268066
1743989200540282000,-0.002396918134763837,0.0013316211989149451,0.0,-0.4790191948413849,0.48261183500289917,-9.716904640197754
1743989200581510000,0.0005326484679244459,0.00013316211698111147,0.0010652969358488917,-0.47422900795936584,0.4754265546798706,-9.691756248474121
1743989200624005000,0.0014647833304479718,-0.00186426960863173,0.0011984590673819184,-0.4778216481208801,0.5113530158996582,-9.715706825256348
1743989200665322000,0.00332905282266438,0.0021305938716977835,-0.0006658105994574726,-0.47662410140037537,0.4610559940338135,-9.667804718017578
1743989200706011000,-0.0013316211989149451,0.0007989726727828383,0.00186426960863173,-0.46824127435684204,0.505365252494812,-9.749238014221191
1743989200746825000,-0.000932134804315865,-0.0017311074770987034,0.00452751200646162,-0.44668540358543396,0.4897971451282501,-9.694150924682617
1743989200787623000,-0.00026632423396222293,-0.0017311074770987034,-0.00186426960863173,-0.49458733201026917,0.49458733201026917,-9.727682113647461
1743989200828528000,0.0,-0.0014647833304479718,0.0006658105994574726,-0.45027804374694824,0.48021674156188965,-9.738460540771484
1743989200868265000,0.0006658105994574726,0.0013316211989149451,0.0011984590673819184,-0.4670437276363373,0.4814142882823944,-9.6845703125
1743989200907165000,0.0011984590673819184,0.00013316211698111147,0.0014647833304479718,-0.4574633240699768,0.4933897852897644,-9.73247241973877
1743989200949233000,-0.0025300802662968636,-0.0006658105994574726,0.0013316211989149451,-0.4730314612388611,0.505365252494812,-9.750435829162598
1743989200988731000,-0.0006658105994574726,-0.0007989726727828383,0.00226375600323081,-0.4550682306289673,0.48620447516441345,-9.69654655456543
1743989201032080000,-0.0005326484679244459,-0.0025300802662968636,0.00372853921726346,-0.47063636779785156,0.5113530158996582,-9.682175636291504
1743989201071590000,0.0017311074770987034,0.0019974317401647568,0.0019974317401647568,-0.46225354075431824,0.4897971451282501,-9.695348739624023
1743989201110242000,0.0007989726727828383,0.0014647833304479718,0.00026632423396222293,-0.4610559940338135,0.48859959840774536,-9.71810245513916
1743989201153653000,0.0005326484679244459,0.0029295666608959436,0.005060160532593727,-0.4694388210773468,0.46464863419532776,-9.6845703125
1743989201194356000,0.0,-0.00186426960863173,0.0010652969358488917,-0.46464863419532776,0.5065628290176392,-9.703731536865234
1743989201235820000,-0.0014647833304479718,0.00039948633639141917,0.000932134804315865,-0.47662410140037537,0.5065628290176392,-9.724089622497559
1743989201275196000,-0.0030627287924289703,-0.0054596466943621635,0.004128025844693184,-0.47063636779785156,0.49219223856925964,-9.686965942382812
1743989201315584000,0.0006658105994574726,0.0019974317401647568,-0.0017311074770987034,-0.45267313718795776,0.5017726421356201,-9.702533721923828
1743989201353204000,-0.00226375600323081,-0.006391781382262707,0.006125457584857941,-0.4790191948413849,0.5065628290176392,-9.686965942382812
1743989201397988000,-0.0005326484679244459,-0.002796404529362917,0.002796404529362917,-0.4658461809158325,0.49817997217178345,-9.66301441192627
1743989201438446000,0.0,-0.000932134804315865,0.004793836269527674,-0.4778216481208801,0.49219223856925964,-9.707324028015137
1743989201477898000,0.0035953770857304335,0.0067912680096924305,-0.00226375600323081,-0.47063636779785156,0.500575065612793,-9.701335906982422
1743989201515957000,0.0019974317401647568,0.004660673905164003,-0.0029295666608959436,-0.4694388210773468,0.5065628290176392,-9.66181755065918
1743989201556273000,0.0014647833304479718,0.004793836269527674,-0.003861701348796487,-0.463451087474823,0.5089579224586487,-9.70612621307373
1743989201597814000,0.0014647833304479718,-0.0005326484679244459,-0.0030627287924289703,-0.5041677355766296,0.47662410140037537,-9.713312149047852
1743989201638253000,0.00013316211698111147,-0.0015979453455656767,0.000932134804315865,-0.4909946918487549,0.5269210934638977,-9.713312149047852
1743989201681597000,0.00186426960863173,-0.0017311074770987034,0.0021305938716977835,-0.4754265546798706,0.4790191948413849,-9.712114334106445
1743989201721362000,0.0007989726727828383,0.00372853921726346,-0.00186426960863173,-0.47422900795936584,0.4850069284439087,-9.720497131347656
1743989201762107000,-0.00039948633639141917,0.0030627287924289703,-0.0017311074770987034,-0.4478829503059387,0.4933897852897644,-9.672595024108887
1743989201801582000,-0.0015979453455656767,0.0010652969358488917,-0.00026632423396222293,-0.47662410140037537,0.4993775188922882,-9.721694946289062
1743989201845302000,-0.00039948633639141917,0.0011984590673819184,0.0010652969358488917,-0.5017726421356201,0.5616500377655029,-9.774386405944824
1743989201886835000,0.0011984590673819184,0.0011984590673819184,0.0,0.22154638171195984,-1.0825834274291992,-9.831869125366211
1743989201927654000,0.005592809058725834,-0.012650401331484318,0.10786131769418716,-0.3820178210735321,-1.37478506565094,-9.762411117553711
1743989201965703000,-0.005725970957428217,-0.008389213122427464,0.1074618250131607,0.010777931660413742,-0.8718149662017822,-9.716904640197754
1743989202009453000,-0.00439434964209795,0.004660673905164003,0.08149521797895432,0.2646580934524536,0.47422900795936584,-9.136094093322754
1743989202048212000,-0.000932134804315865,0.01344937365502119,-0.054862793534994125,-0.5197358131408691,-1.019113302230835,-9.154056549072266
1743989202090474000,0.008655537851154804,0.007590240798890591,0.06684738397598267,-1.3460439443588257,-0.7652331590652466,-9.975574493408203
1743989202133116000,0.012783562764525414,-0.010652969591319561,0.019175345078110695,-0.9340874552726746,-0.11855725198984146,-9.91450023651123
1743989202168104000,0.03275788202881813,0.0054596466943621635,0.08375897258520126,-0.931692361831665,0.6406881809234619,-9.609125137329102
1743989202215081000,0.009720834903419018,0.0069244299083948135,0.049003660678863525,-0.5233284831047058,0.9280996918678284,-9.170822143554688
1743989202255165000,-0.0014647833304479718,-0.0013316211989149451,0.02689874731004238,-0.09101364761590958,0.8035547137260437,-9.606730461120605
1743989202295095000,0.0021305938716977835,-0.025833450257778168,-0.11092404276132584,0.33291834592819214,0.3700423240661621,-9.051067352294922
1743989202336631000,0.007856564596295357,-0.00186426960863173,0.09760782867670059,-0.2682507634162903,0.608354389667511,-8.520553588867188
1743989202379354000,0.019175345078110695,0.015047319233417511,-0.0069244299083948135,0.20118805766105652,0.23232431709766388,-10.127663612365723
1743989202420815000,-0.008389213122427464,-0.00013316211698111147,-0.02077328972518444,-0.43470993638038635,0.5448843240737915,-8.7409029006958
1743989202460900000,-0.02077328972518444,-0.005060160532593727,-0.02370285615324974,-0.8334934115409851,0.7712209224700928,-8.702581405639648
1743989202504357000,-0.018509535118937492,-0.015446805395185947,-0.011451941914856434,-0.6598489284515381,0.5137481093406677,-8.739705085754395
1743989202542483000,0.009853996336460114,0.0039948634803295135,0.016512103378772736,-0.04790192097425461,0.4933897852897644,-9.780374526977539
1743989202580755000,0.01331621129065752,0.01051980722695589,0.0039948634803295135,-0.679009735584259,0.6502685546875,-9.919290542602539
1743989202624497000,0.013049887493252754,0.00905502401292324,-0.05020211637020111,-0.47422900795936584,1.1676093339920044,-10.944391250610352
1743989202666558000,-0.005725970957428217,-0.00186426960863173,-0.030627286061644554,-0.08023571968078613,-0.2838188707828522,-9.78875732421875
1743989202706150000,0.012384076602756977,0.00519332243129611,0.06937745958566666,-0.22034883499145508,-0.17603956162929535,-9.6845703125
1743989202748932000,-0.004128025844693184,0.006125457584857941,0.036353256553411484,-0.4538706839084625,0.8813953399658203,-9.540864944458008
1743989202789100000,-0.007190754171460867,-0.015979453921318054,0.05845816805958748,0.009580384008586407,0.9879770874977112,-9.433085441589355
1743989202832152000,-0.01771056093275547,-0.022238073870539665,-0.0996052622795105,-0.4790191948413849,1.0969539880752563,-9.900129318237305
1743989202872461000,-0.01198459044098854,-0.00332905282266438,-0.15793026983737946,-0.3137575685977936,0.5113530158996582,-10.833019256591797
1743989202913333000,0.0087886992841959,-0.006258619483560324,0.03861701488494873,-0.3951908349990845,0.902951180934906,-9.702533721923828
1743989202956684000,0.009454510174691677,-0.0053264847956597805,0.0006658105994574726,-0.2622630000114441,0.7173312306404114,-10.49531078338623
1743989202998534000,0.013183049857616425,0.0019974317401647568,-0.02103961445391178,-0.5724279284477234,0.5436868071556091,-9.500147819519043
1743989203033943000,0.01038664486259222,-0.012384076602756977,-0.0006658105994574726,-0.09221119433641434,1.37478506565094,-9.823486328125
1743989203077603000,0.019974317401647568,0.00745707843452692,-0.027964044362306595,-0.47662410140037537,0.5652426481246948,-9.228304862976074
1743989203121694000,0.022903883829712868,0.004793836269527674,-0.013982022181153297,-0.29339927434921265,0.7891841530799866,-10.154009819030762
1743989203158263000,0.008389213122427464,-0.02929566614329815,0.0344889871776104,-1.3256856203079224,0.18801502883434296,-10.210294723510742
1743989203202796000,-0.0035953770857304335,-0.01491415686905384,0.015579967759549618,-0.819122850894928,0.3305232524871826,-9.884561538696289
1743989203241063000,0.0006658105994574726,0.0087886992841959,-0.011052455753087997,-0.21196599304676056,1.1484485864639282,-9.771991729736328
1743989203283669000,-0.0035953770857304335,-0.018909020349383354,-0.030760448426008224,-0.5628475546836853,1.2741910219192505,-10.065390586853027
1743989203328004000,0.008655537851154804,0.02330337092280388,-0.07603556662797928,-0.32693061232566833,0.5856009721755981,-9.411529541015625
1743989203367020000,0.009587672539055347,-0.015713129192590714,0.00892186164855957,-0.3580668568611145,0.8442713618278503,-9.751633644104004
1743989203405491000,0.009454510174691677,-0.009720834903419018,-0.025167640298604965,-0.1353229284286499,0.7101459503173828,-9.73247241973877
1743989203447372000,0.014115184545516968,-0.0021305938716977835,-0.0351547971367836,-0.2742384970188141,1.1520411968231201,-9.549247741699219
1743989203490943000,-0.00186426960863173,-0.00892186164855957,-0.0462072528898716,-0.9831869006156921,-0.35327666997909546,-9.66301441192627
1743989203528008000,0.0021305938716977835,-0.00039948633639141917,-0.03875017538666725,-0.1808297485113144,0.40477123856544495,-9.482185363769531
1743989203573860000,-0.0054596466943621635,-0.021971749141812325,-0.025034477934241295,-0.5388966202735901,0.9209144115447998,-10.122873306274414
1743989203612831000,-0.010652969591319561,0.008522375486791134,-0.0540638193488121,-0.4454878568649292,0.09700138866901398,-9.710916519165039
1743989203656985000,-0.015446805395185947,-0.017177913337945938,-0.00439434964209795,-0.2838188707828522,0.8083449006080627,-10.005513191223145
1743989203694825000,-0.012650401331484318,0.0039948634803295135,-0.03741855546832085,-0.09580384194850922,0.41435161232948303,-9.576791763305664
1743989203735261000,0.0006658105994574726,0.00439434964209795,-0.04740571230649948,-0.4754265546798706,0.9245070815086365,-9.302553176879883
1743989203779081000,0.005725970957428217,-0.015047319233417511,-0.06618157029151917,-0.7340969443321228,0.025148507207632065,-9.694150924682617
1743989203815651000,0.08216102421283722,0.1543348878622055,2.2063632011413574,-13.862815856933594,-3.471691608428955,-8.568455696105957
1743989203859765000,0.12344127893447876,0.1940172016620636,3.158339023590088,4.967429161071777,-1.0873736143112183,-15.014857292175293
1743989203903180000,0.02050696685910225,-0.05366433411836624,1.2101773023605347,1.6550112962722778,-0.9053462743759155,-8.703779220581055
1743989203942607000,0.054463304579257965,-0.14474722743034363,1.2083131074905396,-2.6250252723693848,4.446495532989502,-10.234245300292969
1743989203982571000,-0.07310600578784943,-0.02956199087202549,2.3166213035583496,0.9927672743797302,-1.1029417514801025,-8.776829719543457
1743989204026377000,-0.02037380449473858,-0.01185142807662487,2.3889284133911133,1.6873451471328735,0.451475590467453,-8.716952323913574
1743989204065847000,0.013183049857616425,0.018909020349383354,1.9408378601074219,1.3208954334259033,0.6718244552612305,-10.548003196716309
1743989204107899000,0.004793836269527674,0.0014647833304479718,1.723384141921997,-2.90644907951355,0.7029606699943542,-10.698893547058105
1743989204147594000,0.04953630641102791,-0.022903883829712868,2.2124886512756348,-1.2382646799087524,0.49817997217178345,-9.745645523071289
1743989204189238000,0.05086793005466461,0.00452751200646162,2.069472551345825,0.8969634771347046,-0.033531345427036285,-10.266578674316406
1743989204229684000,0.042611878365278244,-0.024368667975068092,1.4308269023895264,3.593841552734375,-0.09101364761590958,-9.690558433532715
1743989204273561000,0.03741855546832085,0.02969515137374401,1.0767488479614258,0.5017726421356201,-0.8790002465248108,-9.24387264251709
1743989204313743000,0.0482046864926815,-0.00226375600323081,1.3759641647338867,-0.7281091809272766,-0.8490615487098694,-9.840251922607422
1743989204354037000,0.04154657945036888,0.00226375600323081,1.2882102727890015,0.41315406560897827,0.44668540358543396,-9.455839157104492
1743989204395743000,-0.01051980722695589,-0.024634990841150284,0.9959194660186768,1.0789906978607178,-0.3161526620388031,-9.939648628234863
1743989204436361000,0.03422266244888306,-0.010786131024360657,0.5832500457763672,-0.5616500377655029,-1.423884630203247,-9.680977821350098
1743989204478566000,0.04447614774107933,0.02077328972518444,0.5966994166374207,-0.32932570576667786,-1.6154922246932983,-9.601940155029297
1743989204520188000,0.018509535118937492,0.00439434964209795,0.7042944431304932,-0.028741151094436646,-0.45626577734947205,-10.700091361999512
1743989204558613000,0.0011984590673819184,-0.03169258311390877,0.6351832747459412,-0.24908998608589172,1.6298627853393555,-10.582731246948242
1743989204601829000,0.013982022181153297,0.0067912680096924305,0.6451704502105713,-0.04311172664165497,0.16645917296409607,-9.001968383789062
1743989204643494000,0.018376372754573822,-0.01051980722695589,0.678594172000885,0.11975479871034622,0.2466948926448822,-10.279751777648926
1743989204684072000,0.0175773985683918,0.005592809058725834,0.6506301164627075,-0.2622630000114441,0.7412822246551514,-10.777932167053223
1743989204726949000,0.022104911506175995,-0.005725970957428217,0.6568887233734131,-0.4490804970264435,0.566440224647522,-9.409134864807129
1743989204767645000,0.00599229522049427,0.0010652969358488917,0.6530269980430603,-0.2922016978263855,0.38321536779403687,-9.36961555480957
1743989204807565000,0.007723402697592974,-0.017177913337945938,0.5213297009468079,-0.5700328350067139,0.645478367805481,-10.692906379699707
1743989204850404000,0.011718266643583775,0.0006658105994574726,0.4275835454463959,-0.18801502883434296,0.3137575685977936,-8.564863204956055
1743989204890516000,0.14554619789123535,-0.042611878365278244,0.5500926971435547,1.8693724870681763,2.820225477218628,-10.164787292480469
1743989204927813000,0.0631188452243805,0.04314452409744263,0.4471583962440491,0.12574253976345062,0.09700138866901398,-10.828228950500488
1743989204970494000,0.015180481597781181,0.04993579536676407,0.30587339401245117,-0.48380938172340393,0.38082027435302734,-10.720449447631836
1743989205015579000,0.007190754171460867,-0.002396918134763837,0.3274456560611725,-0.4299197196960449,1.3364635705947876,-10.97073745727539
1743989205057004000,0.006125457584857941,-0.00013316211698111147,0.322784960269928,0.004790192004293203,0.9867795705795288,-8.78161907196045
1743989205096240000,0.00013316211698111147,0.011185618117451668,0.31479525566101074,-0.20717580616474152,0.38321536779403687,-10.058205604553223
1743989205139155000,-0.00892186164855957,0.009987158700823784,0.11531839519739151,-0.7496650218963623,-1.2694008350372314,-10.091736793518066
1743989205177782000,-0.002396918134763837,-0.0035953770857304335,0.22997097671031952,-0.5856009721755981,1.6346529722213745,-10.17317008972168
1743989205216816000,-0.02676558494567871,0.011052455753087997,0.2703191041946411,-0.2922016978263855,0.16047143936157227,-9.943241119384766
1743989205260723000,-0.016245778650045395,0.02996147610247135,0.4329100549221039,-0.1772371083498001,0.5963789224624634,-7.636763572692871
1743989205303617000,-0.0054596466943621635,0.02356969378888607,0.2057354748249054,-0.3101649284362793,1.4909472465515137,-9.70492935180664
1743989205344654000,-0.0030627287924289703,0.009853996336460114,0.19814522564411163,-0.39638838171958923,0.7975669503211975,-11.224617004394531
1743989205380015000,-0.010652969591319561,-0.0031958906911313534,0.21332570910453796,-0.7149361371994019,1.0933613777160645,-9.743250846862793
1743989205421153000,0.00186426960863173,0.007723402697592974,0.2044038474559784,-0.34130117297172546,0.6945778131484985,-10.29891300201416
1743989205467850000,-0.006258619483560324,0.01038664486259222,0.09094972908496857,-0.22633656859397888,0.790381669998169,-9.507333755493164
1743989205508805000,-0.00013316211698111147,0.00905502401292324,0.0709754079580307,-0.3197453022003174,0.44429031014442444,-9.448654174804688
1743989205549801000,0.02956199087202549,-0.008522375486791134,0.32078754901885986,0.67421954870224,0.3760300576686859,-9.637866020202637
1743989205587818000,0.012517238967120647,-0.00039948633639141917,0.1906881481409073,-0.1688542664051056,1.0251010656356812,-9.652236938476562
1743989205632696000,-0.00332905282266438,0.00665810564532876,0.09268083423376083,-0.144903302192688,0.2838188707828522,-9.393566131591797
1743989205673215000,-0.0029295666608959436,0.0013316211989149451,0.03302420675754547,0.07305042445659637,1.4957374334335327,-8.864250183105469
1743989205711275000,0.015979453921318054,-0.00013316211698111147,0.16884955763816833,-0.7400846481323242,-0.10059402883052826,-9.779176712036133
1743989205756415000,-0.003861701348796487,-0.00039948633639141917,0.14181765913963318,-0.2670532166957855,0.781998872756958,-9.610322952270508
1743989205797941000,-0.007989726960659027,0.007323916535824537,-0.01038664486259222,-0.06347004324197769,0.5269210934638977,-9.328899383544922
1743989205838763000,0.0026632423978298903,-0.0019974317401647568,0.1523374617099762,-0.4119565188884735,0.7412822246551514,-10.161194801330566
1743989205877619000,0.002396918134763837,0.01051980722695589,0.08562324196100235,-0.3700423240661621,1.6993205547332764,-9.568408966064453
1743989205921024000,-0.0053264847956597805,-0.016778426244854927,0.07789983600378036,-0.20358316600322723,0.9987550377845764,-9.840251922607422
1743989205962185000,0.002396918134763837,0.010919293388724327,0.05539543926715851,-0.5041677355766296,-0.14849595725536346,-9.746843338012695
1743989206003083000,0.0005326484679244459,-0.0013316211989149451,0.10373328626155853,-0.23352186381816864,0.7065533399581909,-9.751633644104004
1743989206044404000,0.00226375600323081,-0.0014647833304479718,0.036619581282138824,-0.42632707953453064,0.865827202796936,-9.748041152954102
1743989206083411000,0.00439434964209795,0.008655537851154804,0.03275788202881813,-0.18561993539333344,0.8275056481361389,-9.251058578491211
1743989206126792000,-0.0011984590673819184,-0.00665810564532876,0.036885906010866165,-0.2945968210697174,0.9233095049858093,-9.546853065490723
1743989206167405000,-0.006524943746626377,0.0014647833304479718,0.04780520126223564,-0.4430927634239197,0.7305042743682861,-10.163589477539062
1743989206208713000,-0.005060160532593727,0.00026632423396222293,0.016778426244854927,-0.15208859741687775,0.6311078071594238,-9.727682113647461
1743989206248635000,0.06564892083406448,0.12184333801269531,2.13432240486145,-12.253311157226562,-2.8262133598327637,-9.086994171142578
1743989206290114000,0.09614305198192596,0.025167640298604965,3.259542226791382,8.78042221069336,10.318073272705078,-15.772904396057129
1743989206331396000,0.11931325495243073,-0.09694202244281769,1.1394681930541992,5.967381477355957,4.488409996032715,-12.157506942749023
1743989206369635000,0.0898844301700592,-0.018376372754573822,1.3533265590667725,-5.828465938568115,4.6608567237854,-11.359940528869629
1743989206414694000,0.0021305938716977835,-0.03289104253053665,2.1874539852142334,0.6598489284515381,-1.6861475706100464,-9.870190620422363
1743989206453679000,0.08935178071260452,-0.03595377132296562,1.9910399913787842,0.795171856880188,1.9819419384002686,-10.561175346374512
1743989206493266000,0.08762067556381226,-0.0029295666608959436,2.0437722206115723,-0.23232431709766388,-0.6993680596351624,-9.445060729980469
1743989206535520000,0.06245303153991699,0.028629854321479797,2.130061149597168,-0.26585566997528076,-0.9041487574577332,-10.349209785461426
1743989206575999000,0.08056308329105377,-0.019441669806838036,2.096637487411499,0.17963220179080963,1.1867700815200806,-10.628238677978516
1743989206619941000,0.04500879719853401,0.007723402697592974,1.885575532913208,-0.24908998608589172,-1.1209049224853516,-9.142081260681152
1743989206659816000,0.045408282428979874,0.012650401331484318,1.2258903980255127,-0.49817997217178345,-0.5700328350067139,-9.503741264343262
1743989206702330000,0.03875017538666725,0.019175345078110695,1.328824758529663,-0.25388017296791077,-0.8598394393920898,-9.005560874938965
1743989206743864000,0.03182574734091759,0.006125457584857941,1.1049792766571045,0.09819893538951874,0.22753411531448364,-9.515716552734375
1743989206784573000,0.01744423806667328,0.021705424413084984,0.8306652903556824,0.4658461809158325,-0.14370575547218323,-9.66301441192627
1743989206826072000,0.018376372754573822,0.021705424413084984,0.762086808681488,0.42273443937301636,-0.3305232524871826,-9.583976745605469
1743989206864696000,0.01731107570230961,0.01198459044098854,0.7947115302085876,-0.43231484293937683,-1.7053083181381226,-9.442666053771973
1743989206905630000,0.00332905282266438,0.0067912680096924305,0.9140247702598572,-0.3484864830970764,-0.3676472306251526,-9.839054107666016
1743989206949932000,0.027830881997942924,0.01744423806667328,0.9403908848762512,-0.14011311531066895,0.3317207992076874,-10.646202087402344
1743989206989505000,0.00745707843452692,-0.024634990841150284,0.8867265582084656,0.0814332664012909,-0.6526636481285095,-9.792349815368652
1743989207031118000,0.010253483429551125,-0.01344937365502119,0.7720739245414734,-0.007185287773609161,0.8071473240852356,-9.773189544677734
1743989207071446000,0.00519332243129611,-0.011718266643583775,0.6343843340873718,0.584403395652771,0.14610084891319275,-9.690558433532715
1743989207113683000,0.013049887493252754,-0.011318779550492764,0.49203401803970337,-0.24190469086170197,1.3496365547180176,-9.485777854919434
1743989207155546000,0.004793836269527674,0.0005326484679244459,0.5429019331932068,-0.8287032246589661,-0.409561425447464,-9.483382225036621
1743989207196132000,0.009188186377286911,0.002796404529362917,0.5110762119293213,-0.2227439284324646,0.7376895546913147,-10.316876411437988
1743989207236441000,0.010919293388724327,-0.014381508342921734,0.4934988021850586,-0.26346054673194885,0.2838188707828522,-10.130058288574219
1743989207275140000,-0.009587672539055347,0.00665810564532876,0.40348121523857117,-0.3101649284362793,0.015568124130368233,-10.14682388305664
1743989207320697000,-0.00332905282266438,-0.0034622149541974068,0.3985542058944702,0.23352186381816864,0.3496840298175812,-10.077366828918457
1743989207359859000,0.014381508342921734,-0.028230369091033936,0.33769911527633667,0.2466948926448822,1.5963314771652222,-10.85816764831543
1743989207399134000,0.024235505610704422,-0.02942882850766182,0.3498168885707855,-0.05029701441526413,0.3317207992076874,-9.510926246643066
1743989207439639000,0.0358206108212471,-0.011585104279220104,0.3410281836986542,-0.21196599304676056,0.7185288071632385,-8.890596389770508
1743989207482932000,0.03342369198799133,-0.02383601851761341,0.31146618723869324,0.31735020875930786,0.8275056481361389,-10.193528175354004
1743989207524328000,0.014780995436012745,-0.0025300802662968636,0.23915916681289673,-0.1592738777399063,0.6514661312103271,-7.410427093505859
1743989207567584000,0.017177913337945938,0.0010652969358488917,0.2773766815662384,0.45267313718795776,1.0825834274291992,-10.33364200592041
1743989207607917000,0.01811004802584648,-0.021305939182639122,0.26712319254875183,-0.31495511531829834,0.4897971451282501,-9.934858322143555
1743989207649103000,0.022903883829712868,-0.019042182713747025,0.23689541220664978,-0.547279417514801,0.9760016202926636,-10.576744079589844
1743989207690298000,0.006391781382262707,-0.004261187743395567,0.2700527608394623,-0.37722763419151306,0.4335123896598816,-10.791105270385742
1743989207731397000,-0.006391781382262707,-0.019841155037283897,0.2012079656124115,0.4874020218849182,1.1903626918792725,-9.815103530883789
1743989207771045000,-0.02037380449473858,-0.014115184545516968,0.14954105019569397,-0.5317113399505615,0.8418762683868408,-9.387578964233398
1743989207808385000,-0.0026632423978298903,-0.011052455753087997,0.17950253188610077,0.06107494980096817,0.4550682306289673,-10.009106636047363
1743989207851275000,-0.008655537851154804,0.016112616285681725,0.16618631780147552,-0.4478829503059387,0.7005655765533447,-8.543307304382324
1743989207896322000,-0.018642695620656013,0.004926998168230057,0.17936937510967255,-0.566440224647522,0.19041013717651367,-9.50972843170166
1743989207935695000,-0.00665810564532876,0.011451941914856434,0.19241926074028015,-0.5137481093406677,0.4119565188884735,-10.077366828918457
1743989207976262000,0.008256051689386368,0.016112616285681725,0.1498073786497116,-0.13292783498764038,1.1292877197265625,-9.64026165008545
1743989208016690000,0.00665810564532876,0.01797688566148281,0.1191800981760025,-0.2466948926448822,0.9101364612579346,-9.776782035827637
1743989208056420000,0.004660673905164003,0.0010652969358488917,0.14701098203659058,-0.17603956162929535,0.8023571372032166,-9.686965942382812
1743989208100421000,-0.0005326484679244459,-0.006524943746626377,0.0950777530670166,-0.09700138866901398,0.3580668568611145,-9.895339012145996
1743989208142661000,-0.0054596466943621635,0.00599229522049427,0.11185617744922638,-0.06466758996248245,0.20717580616474152,-9.533679962158203
1743989208183153000,-0.0026632423978298903,-0.009987158700823784,0.138089120388031,-0.05867985263466835,0.16166898608207703,-9.66301441192627
1743989208225527000,0.0,-0.00439434964209795,0.0723070278763771,-0.10298912972211838,0.22992920875549316,-9.855819702148438
1743989208266838000,0.0007989726727828383,-0.0025300802662968636,0.10493174940347672,-0.3365109860897064,0.6394906044006348,-10.209096908569336
1743989208307626000,0.011052455753087997,-0.011052455753087997,0.0989394560456276,-0.1892125904560089,0.8358885049819946,-9.865400314331055
1743989208348078000,-0.0006658105994574726,-0.024235505610704422,0.05832500755786896,-0.39638838171958923,0.25986790657043457,-9.8929443359375
1743989208387099000,-0.00013316211698111147,-0.0030627287924289703,0.07630189508199692,-0.3245355188846588,-0.20118805766105652,-10.035451889038086
1743989208431847000,0.0014647833304479718,-0.016112616285681725,0.07909829914569855,-0.23352186381816864,0.4395001232624054,-9.848634719848633
1743989208471542000,-0.008522375486791134,-0.009853996336460114,-0.07696770131587982,0.06706269085407257,-0.08023571968078613,-9.469012260437012
1743989208513391000,0.011185618117451668,0.00599229522049427,0.09800732135772705,-0.27902868390083313,0.3856104612350464,-9.823486328125
1743989208553646000,0.014115184545516968,-0.0054596466943621635,0.08562324196100235,0.21915128827095032,0.2730409502983093,-9.866598129272461
1743989208595554000,0.0,-0.0067912680096924305,0.022104911506175995,0.10658176988363266,0.6814048290252686,-9.563618659973145
1743989208634847000,0.0021305938716977835,0.01051980722695589,-0.02077328972518444,-0.198792964220047,0.42033934593200684,-9.345664978027344
1743989208675475000,0.096409372985363,0.18110047280788422,1.9953011274337769,-12.267682075500488,-2.090918779373169,-9.445060729980469
1743989208718758000,0.05646073818206787,-0.03342369198799133,3.304018497467041,4.2920122146606445,3.87526535987854,-10.261788368225098
1743989208758401000,0.007723402697592974,-0.054995954036712646,1.2380082607269287,2.4046764373779297,0.10418667644262314,-9.622298240661621
1743989208800797000,0.006258619483560324,-0.08149521797895432,1.0172253847122192,-3.3794803619384766,3.5375568866729736,-10.533632278442383
1743989208842388000,-0.030760448426008224,-0.051134251058101654,2.1299281120300293,0.42872217297554016,-0.9496555924415588,-9.763608932495117
1743989208879955000,0.017177913337945938,-0.02902934141457081,2.172672986984253,1.1149171590805054,0.09221119433641434,-9.397159576416016
1743989208924235000,0.025567125529050827,-0.012650401331484318,1.986778736114502,0.8754075765609741,0.0011975480010733008,-9.248662948608398
1743989208965668000,0.03568744659423828,0.014115184545516968,1.9018213748931885,-1.7723710536956787,-0.04550682380795479,-10.222270011901855
1743989209004136000,0.03422266244888306,0.0054596466943621635,2.1118180751800537,-0.7784062027931213,-0.926902174949646,-9.203156471252441
1743989209048869000,0.060855086892843246,-0.0005326484679244459,2.0911779403686523,1.7196788787841797,-1.5711829662322998,-9.622298240661621
1743989209088388000,0.0087886992841959,0.02969515137374401,1.1276167631149292,0.1652616262435913,-0.5736255049705505,-10.072576522827148
1743989209128943000,0.03142625838518143,0.009853996336460114,1.3489322662353516,-0.7376895546913147,0.10658176988363266,-9.3217134475708
1743989209171793000,0.02356969378888607,-0.022238073870539665,1.2201645374298096,-0.6215274333953857,-0.42273443937301636,-9.676187515258789
1743989209212179000,0.02929566614329815,0.007590240798890591,1.0981879234313965,-0.42033934593200684,-0.9903721809387207,-9.694150924682617
1743989209253379000,0.012117752805352211,-0.004660673905164003,0.9430541396141052,0.5903911590576172,0.41674670577049255,-10.04623031616211
1743989209293211000,0.022637559100985527,0.0006658105994574726,0.7832595705986023,0.29100415110588074,-0.46824127435684204,-10.164787292480469
1743989209330440000,0.028230369091033936,-0.021572262048721313,0.8953820466995239,-0.7843939661979675,-0.029938699677586555,-9.770793914794922
1743989209374852000,0.03222523257136345,0.004793836269527674,0.8881913423538208,-0.7640356421470642,0.8490615487098694,-9.795942306518555
1743989209414188000,0.03622009605169296,-0.004261187743395567,0.7535644173622131,-0.1808297485113144,0.08023571968078613,-9.075018882751465
1743989209459841000,0.004128025844693184,-0.028763016685843468,0.686450719833374,-0.04790192097425461,0.2586703598499298,-9.349257469177246
1743989209500664000,0.0054596466943621635,0.006125457584857941,0.5520901083946228,-0.18561993539333344,-0.5029701590538025,-8.678630828857422
1743989209541433000,0.012916725128889084,-0.009987158700823784,0.5899081826210022,0.3736349642276764,-0.015568124130368233,-10.694103240966797
1743989209580871000,-0.00439434964209795,-0.0013316211989149451,0.4277167320251465,-0.9951623678207397,-0.3077698349952698,-10.0414400100708
1743989209623391000,-0.00226375600323081,-0.000932134804315865,0.5173348188400269,-0.3317207992076874,-0.252682626247406,-9.455839157104492
1743989209665958000,0.02050696685910225,-0.014381508342921734,0.47299185395240784,-0.5197358131408691,0.1413106620311737,-9.95042610168457
1743989209703255000,0.022104911506175995,-0.012384076602756977,0.44622623920440674,0.05748230218887329,0.8622345328330994,-8.887003898620605
1743989209746923000,0.028230369091033936,0.002796404529362917,0.3873685896396637,0.5867985486984253,0.5999715328216553,-10.324061393737793
1743989209787894000,0.013582536019384861,0.0007989726727828383,0.32531505823135376,-0.7101459503173828,0.3365109860897064,-7.870285511016846
1743989209829425000,0.030893610790371895,-0.0005326484679244459,0.30946874618530273,0.3077698349952698,1.2095234394073486,-9.018733978271484
1743989209870308000,0.018642695620656013,-0.00226375600323081,0.26073142886161804,-0.9233095049858093,0.8945683836936951,-9.4666166305542
1743989209910259000,0.007590240798890591,-0.0030627287924289703,0.33170682191848755,-0.008382836356759071,-0.023950960487127304,-9.630681037902832
1743989209949914000,0.00519332243129611,0.00905502401292324,0.2325010597705841,-0.5879960656166077,-0.27902868390083313,-9.731274604797363
1743989209993598000,-0.010786131024360657,-0.012916725128889084,0.19375087320804596,-0.27184340357780457,0.9712114334106445,-10.36837100982666
1743989210035130000,-0.00186426960863173,-0.004128025844693184,0.2571360468864441,-0.37483251094818115,0.18561993539333344,-10.077366828918457
1743989210074794000,-0.0026632423978298903,-0.007989726960659027,0.2648594379425049,-0.7676282525062561,0.823913037776947,-9.2522554397583
1743989210118181000,-0.0067912680096924305,-0.01038664486259222,0.18829123675823212,-0.24549734592437744,0.033531345427036285,-9.349257469177246
1743989210157186000,-0.0026632423978298903,0.016378941014409065,0.19295190274715424,-0.7293067574501038,0.40477123856544495,-10.025872230529785
1743989210201434000,0.0011984590673819184,-0.00226375600323081,0.18935653567314148,-0.2862139642238617,1.1065343618392944,-9.981562614440918
1743989210237938000,-0.007723402697592974,0.016112616285681725,0.18083415925502777,-0.09580384194850922,-0.0023950960021466017,-10.799488067626953
1743989210282340000,-0.00439434964209795,-0.0035953770857304335,0.2057354748249054,-0.3185477554798126,0.6466759443283081,-10.134848594665527
1743989210320837000,-0.010919293388724327,-0.01731107570230961,0.07323916256427765,-0.21316353976726532,0.04430927708745003,-9.749238014221191
1743989210364095000,0.007057592272758484,0.009853996336460114,0.18762542307376862,-0.5137481093406677,1.0418667793273926,-9.66301441192627
1743989210405969000,0.0013316211989149451,-0.01198459044098854,0.12237598747015,-0.8825928568840027,0.907741367816925,-10.471359252929688
1743989210448780000,-0.01038664486259222,-0.013049887493252754,0.12410709261894226,-0.645478367805481,0.7137386202812195,-9.897734642028809
1743989210488145000,0.0,-0.03275788202881813,0.13236314058303833,-0.4969824254512787,0.68739253282547,-9.690558433532715
1743989210526115000,-0.0005326484679244459,-0.00745707843452692,0.1543348878622055,-0.7772086262702942,0.3496840298175812,-9.685768127441406
1743989210570959000,0.0,-0.007057592272758484,0.09108288586139679,-0.3760300576686859,1.3987361192703247,-10.288134574890137
1743989210611176000,0.0007989726727828383,0.010786131024360657,0.08349264413118362,-0.36884477734565735,0.1233474463224411,-9.748041152954102
1743989210651465000,0.012783562764525414,-0.0039948634803295135,0.08096256852149963,-0.4418952167034149,0.5652426481246948,-9.860610008239746
1743989210693340000,0.003861701348796487,0.002796404529362917,0.09481142461299896,-0.6969729661941528,0.29579436779022217,-9.46541976928711
1743989210734937000,0.0015979453455656767,0.011718266643583775,0.0813620537519455,-0.3245355188846588,0.2802262306213379,-10.052217483520508
1743989210776867000,0.014381508342921734,0.013848859816789627,0.05006895586848259,-0.5353039503097534,0.5568597912788391,-9.479789733886719
1743989210818250000,0.012783562764525414,0.01784372329711914,0.054330144077539444,-0.5915887355804443,0.8083449006080627,-10.004316329956055
1743989210858859000,0.004793836269527674,0.00372853921726346,0.057259708642959595,-0.9376800656318665,0.6849974393844604,-10.073773384094238
1743989210897995000,0.015313643030822277,0.00013316211698111147,0.03808436542749405,-0.5484769940376282,0.07305042445659637,-9.839054107666016
1743989210940766000,0.009587672539055347,0.0015979453455656767,0.0482046864926815,-0.6622440218925476,0.5628475546836853,-9.601940155029297
1743989210977401000,0.002796404529362917,-0.007057592272758484,0.02982831373810768,-0.4993775188922882,-0.03592643886804581,-9.593557357788086
1743989211023319000,0.006524943746626377,-0.011451941914856434,0.0,-0.3460913598537445,0.5891936421394348,-9.336084365844727
1743989211061640000,0.00026632423396222293,-0.015446805395185947,0.027830881997942924,-0.5017726421356201,-0.3341158926486969,-9.839054107666016
1743989211103749000,-0.0364864207804203,0.21958433091640472,2.8327577114105225,-17.554855346679688,0.6706268787384033,-12.335942268371582
1743989211147233000,0.13555903732776642,-0.012650401331484318,3.190830707550049,4.884798526763916,6.870332717895508,-10.489322662353516
1743989211185897000,0.05646073818206787,-0.031159935519099236,1.361582636833191,1.3999335765838623,-1.6897401809692383,-9.467814445495605
1743989211229693000,0.03462215140461922,-0.07323916256427765,1.2503923177719116,-1.4622061252593994,2.7795088291168213,-10.113292694091797
1743989211268697000,-0.03209206834435463,-0.016512103378772736,2.292652130126953,1.019113302230835,0.4897971451282501,-10.127663612365723
1743989211311106000,0.04327768832445145,-0.0010652969358488917,2.3075664043426514,1.7232716083526611,-0.08263081312179565,-9.618705749511719
1743989211350222000,0.037019070237874985,-0.0034622149541974068,1.915137529373169,0.7460724115371704,0.24789243936538696,-10.043834686279297
1743989211389435000,0.07856564968824387,-0.03914966061711311,2.0813238620758057,-0.4730314612388611,1.4143041372299194,-10.513274192810059
1743989211434672000,0.06751319020986557,0.0013316211989149451,1.973196268081665,-0.5484769940376282,-0.720923900604248,-10.470162391662598
1743989211473246000,0.04980263113975525,-0.015446805395185947,1.861340045928955,-0.42033934593200684,-0.20957089960575104,-9.738460540771484
1743989211516776000,0.00452751200646162,0.0014647833304479718,1.253321886062622,1.488552212715149,-1.1915602684020996,-9.601940155029297
1743989211554824000,0.04088076949119568,-0.008655537851154804,1.3727682828903198,-1.1125221252441406,-0.9724089503288269,-9.71810245513916
1743989211599343000,0.01771056093275547,-0.025700287893414497,1.314842700958252,1.0933613777160645,0.6107494831085205,-9.99832820892334
1743989211639427000,0.00892186164855957,0.015579967759549618,1.1350739002227783,0.5400941371917725,-0.571230411529541,-9.066636085510254
1743989211680603000,-0.005060160532593727,0.012650401331484318,0.888324499130249,-0.40477123856544495,-1.1747945547103882,-9.69654655456543
1743989211723073000,-0.012117752805352211,0.00186426960863173,0.7816616296768188,-0.1652616262435913,-1.9208669662475586,-9.39596176147461
1743989211762715000,0.021838586777448654,0.014647833071649075,0.7526322603225708,-0.020358316600322723,-0.9604334831237793,-9.7540283203125
1743989211805357000,0.012783562764525414,-0.006125457584857941,0.7319921851158142,0.8634321093559265,2.090918779373169,-9.73965835571289
1743989211845921000,-0.0054596466943621635,-0.013982022181153297,0.7739382386207581,0.692182719707489,-0.9867795705795288,-9.22231674194336
1743989211886820000,0.028363531455397606,-0.00186426960863173,0.7714081406593323,0.09460629522800446,1.0753980875015259,-10.213887214660645
1743989211927179000,0.030360963195562363,-0.019574830308556557,0.654891312122345,0.4335123896598816,0.15807633101940155,-8.889398574829102
1743989211966027000,0.02037380449473858,0.011318779550492764,0.5258572101593018,0.12214989960193634,0.4814142882823944,-9.925277709960938
1743989212010163000,0.014248346909880638,0.009987158700823784,0.4785846471786499,-0.2730409502983093,0.6814048290252686,-10.436631202697754
1743989212049383000,0.01824321039021015,-0.013982022181153297,0.4354401230812073,0.04071663320064545,0.21795374155044556,-9.903721809387207
1743989212090734000,0.02037380449473858,0.002796404529362917,0.4166642725467682,-0.09819893538951874,0.22992920875549316,-10.81026554107666
1743989212133967000,0.007590240798890591,-0.01198459044098854,0.4114709496498108,0.0993964821100235,0.8263081312179565,-10.70488166809082
1743989212175283000,-0.00452751200646162,0.012250915169715881,0.38244161009788513,0.1413106620311737,-0.397585928440094,-9.682175636291504
1743989212214594000,-0.005859133321791887,0.0069244299083948135,0.346487820148468,-0.5436868071556091,0.3880055546760559,-9.401948928833008
1743989212257157000,-0.006391781382262707,-0.002796404529362917,0.3410281836986542,-0.13652047514915466,1.43586003780365,-9.828276634216309
1743989212296555000,0.0175773985683918,0.031026773154735565,0.25167641043663025,-0.07185287773609161,0.20717580616474152,-8.804372787475586
1743989212340281000,0.008122889325022697,-0.0025300802662968636,0.2811052203178406,-0.3341158926486969,0.8885806202888489,-9.56601333618164
1743989212377267000,0.011185618117451668,0.0021305938716977835,0.298149973154068,-0.13771802186965942,1.001150131225586,-10.17317008972168
1743989212421741000,0.019574830308556557,-0.015979453921318054,0.2676558494567871,-0.08861855417490005,0.9963599443435669,-9.446258544921875
1743989212461389000,0.006125457584857941,-0.02050696685910225,0.2844342887401581,-0.758047878742218,1.4119091033935547,-9.502543449401855
1743989212498582000,0.00439434964209795,-0.012916725128889084,0.24954581260681152,-0.3676472306251526,0.5113530158996582,-9.314528465270996
1743989212544835000,-0.00013316211698111147,-0.0006658105994574726,0.235696941614151,-0.7939743399620056,1.2897591590881348,-8.873830795288086
1743989212586830000,-0.0039948634803295135,-0.02649926207959652,0.18522851169109344,0.6358979940414429,0.795171856880188,-10.025872230529785
1743989212626040000,-0.0029295666608959436,-0.024901315569877625,0.11465258151292801,-1.1963504552841187,0.2670532166957855,-9.882165908813477
1743989212665951000,0.011318779550492764,-0.022504398599267006,0.2025395780801773,-0.38680800795555115,0.8514566421508789,-9.11693286895752
1743989212709208000,0.0039948634803295135,-0.012650401331484318,0.19548198580741882,-0.44069766998291016,1.3280807733535767,-9.779176712036133
1743989212748857000,0.010786131024360657,-0.006524943746626377,0.11425309628248215,-0.5161432027816772,-0.2550777196884155,-9.027116775512695
1743989212788080000,0.011052455753087997,-0.015446805395185947,0.16818375885486603,-0.5209333896636963,0.5748230218887329,-9.029511451721191
1743989212831184000,0.009720834903419018,0.00186426960863173,0.16445522010326385,-0.5041677355766296,1.1256951093673706,-9.728879928588867
1743989212872376000,0.013049887493252754,-0.0029295666608959436,0.0748371109366417,-0.49817997217178345,1.0789906978607178,-9.828276634216309
1743989212915352000,0.014115184545516968,-0.018909020349383354,0.1412850022315979,-0.3784251809120178,1.3137102127075195,-9.853425025939941
1743989212955663000,0.014115184545516968,-0.012650401331484318,0.12210965901613235,0.18801502883434296,0.4897971451282501,-10.343221664428711
1743989212995747000,0.013982022181153297,-0.008122889325022697,0.09547723829746246,-0.6299102306365967,0.9041487574577332,-9.855819702148438
1743989213036710000,0.007989726960659027,-0.006524943746626377,0.07843248546123505,-0.5029701590538025,0.29100415110588074,-9.692953109741211
1743989213076802000,0.0031958906911313534,-0.014115184545516968,0.07630189508199692,-0.42033934593200684,0.9748040437698364,-9.921685218811035
1743989213119892000,0.0087886992841959,0.005725970957428217,0.08056308329105377,-0.5436868071556091,0.306572288274765,-9.776782035827637
1743989213159529000,-0.0006658105994574726,-0.004261187743395567,0.09947209805250168,-0.16645917296409607,0.5484769940376282,-10.097724914550781
1743989213198158000,0.006125457584857941,-0.00013316211698111147,0.05073476582765579,-0.4359074831008911,1.1077319383621216,-9.702533721923828
1743989213243385000,-0.00519332243129611,-0.0087886992841959,0.0533980093896389,-0.7796037197113037,0.47422900795936584,-9.868992805480957
1743989213282477000,0.0006658105994574726,0.014780995436012745,0.04940314590930939,-0.25986790657043457,0.252682626247406,-9.530086517333984
1743989213324440000,-0.0006658105994574726,-0.012517238967120647,0.051267415285110474,-0.4275246262550354,1.0442618131637573,-9.375603675842285
1743989213364683000,-0.0017311074770987034,-0.012783562764525414,0.023037046194076538,-0.16645917296409607,0.23112677037715912,-9.867795944213867
1743989213407887000,0.0039948634803295135,-0.016112616285681725,0.02916250377893448,-0.4179442524909973,0.23831205070018768,-10.241430282592773
1743989213448390000,0.006524943746626377,-0.0034622149541974068,0.030227800831198692,-0.3951908349990845,0.7484675049781799,-9.87138843536377
1743989213491451000,-0.054330144077539444,0.09081656485795975,3.017320394515991,-12.905974388122559,-0.10418667644262314,-10.451001167297363
1743989213532758000,0.09161553531885147,0.3712559938430786,3.196023941040039,6.442808151245117,-1.9999051094055176,-10.885711669921875
1743989213572800000,0.0006658105994574726,0.039415985345840454,1.3290910720825195,1.8023097515106201,0.23831205070018768,-9.157649993896484
1743989213613120000,-0.040081799030303955,-0.09734150767326355,0.9780757427215576,-2.978301763534546,0.05388965830206871,-9.02112865447998
1743989213653312000,-0.05033528059720993,-0.04207922890782356,2.4449896812438965,-0.5293161869049072,-0.4658461809158325,-9.276206970214844
1743989213696056000,-0.027165072038769722,0.012650401331484318,2.464564561843872,0.9676187634468079,-0.41674670577049255,-10.371963500976562
1743989213735762000,0.011185618117451668,0.0054596466943621635,2.003157615661621,0.7029606699943542,0.38321536779403687,-9.948031425476074
1743989213777891000,0.013183049857616425,0.018642695620656013,1.560793161392212,0.9089389443397522,0.7101459503173828,-9.924079895019531
1743989213819626000,0.027964044362306595,0.007856564596295357,2.1167449951171875,0.1173597052693367,1.0837808847427368,-10.095329284667969
1743989213860894000,0.007856564596295357,-0.0087886992841959,1.9620106220245361,0.014370575547218323,-1.0957564115524292,-9.607927322387695
1743989213901787000,-0.014514670707285404,0.018909020349383354,1.1237550973892212,1.1268926858901978,-2.8058550357818604,-9.217527389526367
1743989213942168000,0.025300802662968636,-0.013582536019384861,1.3478668928146362,-1.8885332345962524,-0.38321536779403687,-9.46541976928711
1743989213984779000,0.031293097883462906,-0.05046844109892845,1.3179054260253906,0.4969824254512787,0.7748135328292847,-10.239035606384277
1743989214024504000,0.01731107570230961,-0.03249155730009079,1.0178911685943604,0.38321536779403687,0.021555863320827484,-9.413925170898438
1743989214064998000,0.036752745509147644,-0.004660673905164003,0.8572977185249329,0.016765672713518143,-1.2526352405548096,-10.292924880981445
1743989214106398000,0.06538259983062744,0.008256051689386368,0.7775335907936096,-0.8179252743721008,-1.9855345487594604,-9.388776779174805
1743989214149356000,0.04647357761859894,0.01797688566148281,0.7405145168304443,-0.790381669998169,-1.849014163017273,-9.606730461120605
1743989214191035000,0.021838586777448654,0.016512103378772736,0.7774004340171814,-0.781998872756958,0.409561425447464,-10.169577598571777
1743989214230701000,0.028496693819761276,0.013183049857616425,0.8591619729995728,0.2562752664089203,0.3915981948375702,-10.175565719604492
1743989214267427000,0.030360963195562363,0.0039948634803295135,0.730394184589386,0.06107494980096817,1.1819798946380615,-9.828276634216309
1743989214311216000,0.030360963195562363,0.04367717355489731,0.5791220664978027,0.9005560874938965,1.221498966217041,-8.290624618530273
1743989214353669000,0.018642695620656013,0.0035953770857304335,0.3547438681125641,0.20717580616474152,0.3544742166996002,-9.874980926513672
1743989214392369000,0.00013316211698111147,0.01198459044098854,0.5397060513496399,0.4850069284439087,0.3580668568611145,-9.616310119628906
1743989214434765000,0.006391781382262707,-0.0031958906911313534,0.5097445845603943,0.7616405487060547,0.20118805766105652,-9.4666166305542
1743989214478002000,0.14288295805454254,-0.051533740013837814,0.5070813298225403,1.801112174987793,3.3974437713623047,-11.941948890686035
1743989214517199000,0.057392872869968414,0.05246587470173836,0.4016169309616089,0.9460629224777222,0.6418857574462891,-9.224712371826172
1743989214560802000,0.019175345078110695,0.05885765701532364,0.34995004534721375,0.15568123757839203,0.1772371083498001,-8.715754508972168
1743989214601286000,-0.00439434964209795,-0.010253483429551125,0.276178240776062,-0.021555863320827484,1.0071378946304321,-7.830766201019287
1743989214641858000,0.00226375600323081,0.00905502401292324,0.3815094530582428,-0.2670532166957855,1.0262986421585083,-9.771991729736328
1743989214683427000,-0.0025300802662968636,-0.015979453921318054,0.32118701934814453,0.07784061878919601,0.7855914831161499,-9.174415588378906
1743989214724079000,-0.003861701348796487,-0.0017311074770987034,0.2572692036628723,0.1173597052693367,0.07664307206869125,-9.209144592285156
1743989214766392000,0.0007989726727828383,0.016911588609218597,0.26712319254875183,-0.2466948926448822,0.5137481093406677,-8.81515121459961
1743989214804651000,0.015313643030822277,-0.012517238967120647,0.26019877195358276,-0.20717580616474152,1.6023192405700684,-10.148021697998047
1743989214849238000,0.0005326484679244459,0.016778426244854927,0.30374279618263245,-0.04311172664165497,-0.05748230218887329,-10.87134075164795
1743989214887530000,0.018775857985019684,-0.012650401331484318,0.28416794538497925,0.12694008648395538,1.2610180377960205,-9.383986473083496
1743989214929813000,0.013183049857616425,0.00039948633639141917,0.17790459096431732,-0.025148507207632065,1.5364540815353394,-10.383938789367676
1743989214971536000,0.009720834903419018,-0.005859133321791887,0.11864744871854782,-0.198792964220047,0.5951813459396362,-8.936102867126465
1743989215007869000,0.015713129192590714,0.0015979453455656767,0.1739097237586975,-0.37123987078666687,0.7556527853012085,-10.759968757629395
1743989215055052000,0.015846291556954384,-0.0019974317401647568,0.20360487699508667,-0.3305232524871826,0.6682317852973938,-9.720497131347656
1743989215090651000,0.01051980722695589,-0.00665810564532876,0.1829647421836853,0.16406407952308655,0.45985841751098633,-9.793547630310059
1743989215135409000,0.01731107570230961,0.005725970957428217,0.051134251058101654,-0.28142377734184265,0.9915697574615479,-9.744447708129883
1743989215176497000,0.016378941014409065,-0.007723402697592974,0.11079087853431702,-0.9891746640205383,0.3185477554798126,-9.9025239944458
1743989215216965000,-0.0031958906911313534,0.015713129192590714,0.12117752432823181,0.0023950960021466017,0.865827202796936,-9.31333065032959
1743989215258024000,-0.10905977338552475,0.07430446147918701,0.10719550400972366,0.2646580934524536,0.7556527853012085,-10.04623031616211
1743989215299301000,0.046074092388153076,-0.08482427150011063,-0.12450657784938812,-1.3544267416000366,-0.09819893538951874,-8.13135051727295
1743989215337737000,0.03488847613334656,-0.054330144077539444,0.11039139330387115,-2.5364067554473877,1.2370671033859253,-9.47499942779541
1743989215383279000,0.016112616285681725,-0.030760448426008224,0.27378129959106445,-0.289806604385376,0.9472604393959045,-9.712114334106445
1743989215421113000,0.013848859816789627,-0.011718266643583775,0.20746657252311707,-0.1808297485113144,1.1161147356033325,-10.22107219696045
1743989215463533000,0.010120321065187454,0.017044750973582268,-0.06671421974897385,-0.2706458568572998,0.655058741569519,-9.889351844787598
1743989215504028000,0.007723402697592974,0.00519332243129611,0.1327626258134842,-0.7520601153373718,0.008382836356759071,-10.35998821258545
1743989215546210000,0.006125457584857941,0.004128025844693184,0.06551576405763626,-0.6358979940414429,0.7544552683830261,-10.015093803405762
1743989215588656000,0.0017311074770987034,0.0031958906911313534,0.08122888952493668,-0.40716633200645447,0.4778216481208801,-9.956414222717285
1743989215629474000,-0.0017311074770987034,0.015313643030822277,0.02982831373810768,-0.22753411531448364,1.142460823059082,-9.769597053527832
1743989215670708000,0.005725970957428217,0.007989726960659027,0.02037380449473858,-0.3101649284362793,1.0706079006195068,-9.324109077453613
1743989215709407000,-0.0021305938716977835,0.002796404529362917,0.07217387109994888,-0.32932570576667786,0.4251295328140259,-9.777979850769043
1743989215752884000,-0.005592809058725834,-0.01331621129065752,0.018909020349383354,-0.29938700795173645,0.6370955109596252,-9.669002532958984
1743989215791460000,-0.0053264847956597805,0.009720834903419018,0.033690016716718674,-0.3245355188846588,0.3844129145145416,-9.789955139160156
1743989215833575000,-0.0025300802662968636,0.0,0.045408282428979874,-0.3257330656051636,0.9903721809387207,-9.525297164916992
1743989215877056000,-0.025833450257778168,0.16645264625549316,2.821305751800537,-13.630491256713867,0.0035926438868045807,-8.336132049560547
1743989215913152000,0.09481142461299896,0.2455509454011917,3.056736469268799,4.850069522857666,0.05987739935517311,-15.204069137573242
1743989215958498000,-0.04367717355489731,-0.05845816805958748,1.0264135599136353,1.6490236520767212,-1.229881763458252,-7.9385457038879395
1743989215996997000,0.02636609971523285,-0.16032719612121582,1.182213306427002,-1.7711734771728516,6.079951286315918,-10.410284996032715
1743989216039888000,-0.1277024745941162,-0.05233271047472954,2.287991523742676,0.8730124831199646,-1.506515383720398,-9.76720142364502
1743989216081211000,0.011185618117451668,-0.042611878365278244,2.4135632514953613,1.2334744930267334,0.799962043762207,-10.690510749816895
1743989216120964000,0.023037046194076538,-0.017177913337945938,1.953355073928833,0.6538612246513367,0.9328898787498474,-10.546805381774902
1743989216164161000,0.0416797436773777,0.004128025844693184,1.8295143842697144,-2.3088724613189697,0.8047522306442261,-10.624646186828613
1743989216202515000,0.019574830308556557,0.01797688566148281,2.1283302307128906,0.18442238867282867,-0.9496555924415588,-8.316970825195312
1743989216245467000,0.03422266244888306,0.016112616285681725,2.022199869155884,1.4837620258331299,-0.8921732902526855,-9.519309043884277
1743989216285566000,0.03475531190633774,-0.0035953770857304335,1.2509249448776245,0.2646580934524536,-0.36884477734565735,-9.617507934570312
1743989216329492000,0.05566176399588585,0.016378941014409065,1.3822227716445923,-1.1951528787612915,-0.655058741569519,-9.32650375366211
1743989216370406000,0.057259708642959595,0.004261187743395567,1.2654396295547485,-0.25148507952690125,-1.142460823059082,-10.387531280517578
1743989216409860000,0.031026773154735565,0.010786131024360657,1.0051076412200928,-0.2562752664089203,-1.3640071153640747,-9.167229652404785
1743989216452013000,0.0019974317401647568,-0.005859133321791887,0.865953266620636,0.8406786918640137,0.06826023757457733,-9.89414119720459
1743989216490283000,0.0175773985683918,-0.002396918134763837,0.7586245536804199,0.20717580616474152,0.5221309065818787,-10.096527099609375
1743989216534970000,0.051400575786828995,-0.003861701348796487,0.8200123310089111,-0.09819893538951874,-0.5448843240737915,-9.66181755065918
1743989216575523000,-0.00905502401292324,-0.006258619483560324,0.8787367939949036,0.20957089960575104,0.9197168350219727,-10.177960395812988
1743989216615848000,0.01038664486259222,-0.012384076602756977,0.8885908126831055,0.7233189940452576,-0.10897687077522278,-10.171972274780273
1743989216656209000,0.0069244299083948135,0.0007989726727828383,0.7129499912261963,0.24310223758220673,1.862187147140503,-9.443863868713379
1743989216699610000,0.010253483429551125,0.02024064213037491,0.5965662598609924,0.26585566997528076,0.6442808508872986,-10.228257179260254
1743989216741048000,-0.007190754171460867,0.007190754171460867,0.48537591099739075,-1.1807823181152344,0.07903816550970078,-9.679780960083008
1743989216782936000,0.009720834903419018,-0.013982022181153297,0.5568839907646179,-0.3317207992076874,0.9173217415809631,-8.385231018066406
1743989216821618000,0.0029295666608959436,0.00372853921726346,0.49642837047576904,-0.6754170656204224,-0.3245355188846588,-9.446258544921875
1743989216862788000,-0.004261187743395567,-0.0021305938716977835,0.4439624845981598,0.04550682380795479,0.8275056481361389,-9.285787582397461
1743989216904303000,-0.002396918134763837,-0.016512103378772736,0.402415931224823,0.48261183500289917,0.19400277733802795,-10.301307678222656
1743989216947170000,-0.002796404529362917,0.0006658105994574726,0.4415655732154846,0.8143326640129089,-0.07903816550970078,-9.835461616516113
1743989216987722000,-0.00039948633639141917,-0.0175773985683918,0.363266259431839,-0.5700328350067139,0.343696266412735,-10.118083000183105
1743989217025587000,0.013183049857616425,-0.016512103378772736,0.37205496430397034,0.1592738777399063,2.328033208847046,-9.107352256774902
1743989217070959000,0.016512103378772736,-0.011318779550492764,0.33237263560295105,-0.07544552534818649,0.5245260000228882,-8.78042221069336
1743989217111203000,-0.0025300802662968636,0.005592809058725834,0.20027582347393036,-1.0035452842712402,-0.40237611532211304,-9.418715476989746
1743989217152831000,0.030227800831198692,0.02064012736082077,0.2944214344024658,-0.4897971451282501,1.3196978569030762,-10.779129981994629
1743989217192906000,0.02396918088197708,-0.01038664486259222,0.2800399363040924,0.011975480243563652,0.5388966202735901,-11.062948226928711
1743989217231325000,0.012117752805352211,-0.014780995436012745,0.23915916681289673,-0.1568787842988968,0.571230411529541,-9.113340377807617
1743989217275055000,0.01198459044098854,-0.02623293735086918,0.28097206354141235,-0.08622345328330994,1.0646201372146606,-9.413925170898438
1743989217314905000,0.011585104279220104,-0.006524943746626377,0.2507442533969879,0.5820083022117615,0.7269116640090942,-9.134896278381348
1743989217358114000,-0.007856564596295357,0.0005326484679244459,0.06618157029151917,-0.4059687852859497,0.7221214175224304,-10.3252592086792
1743989217398010000,0.0025300802662968636,-0.016378941014409065,0.17550766468048096,-0.4251295328140259,0.8059498071670532,-9.198366165161133
1743989217440526000,0.00892186164855957,-0.024901315569877625,0.18323107063770294,-0.3245355188846588,1.3652046918869019,-10.636621475219727
1743989217477416000,0.0026632423978298903,0.007856564596295357,0.18456269800662994,-0.2646580934524536,0.4850069284439087,-9.988747596740723
1743989217519814000,0.00905502401292324,-0.02609977498650551,0.14741046726703644,-0.4550682306289673,1.0957564115524292,-10.19472599029541
1743989217561584000,0.011585104279220104,0.010253483429551125,0.12876777350902557,0.06466758996248245,0.8442713618278503,-9.724089622497559
1743989217604901000,0.019974317401647568,-0.031159935519099236,0.1510058343410492,-0.3844129145145416,0.7616405487060547,-9.987550735473633
1743989217646084000,0.007190754171460867,-0.00332905282266438,0.12450657784938812,-0.10059402883052826,0.409561425447464,-10.013895988464355
1743989217686120000,-0.008655537851154804,-0.004261187743395567,0.14155133068561554,0.07185287773609161,0.47422900795936584,-9.710916519165039
1743989217727680000,-0.00039948633639141917,0.01344937365502119,0.10772815346717834,-0.40836387872695923,0.8011596202850342,-9.933660507202148
1743989217769331000,-0.0011984590673819184,-0.016512103378772736,0.09174869954586029,-0.15448369085788727,0.6766146421432495,-9.502543449401855
1743989217810281000,-0.004660673905164003,-0.000932134804315865,0.08602272719144821,-0.4730314612388611,0.33291834592819214,-10.15041732788086
1743989217851095000,-0.00372853921726346,-0.01824321039021015,0.10652969032526016,-0.16765671968460083,0.07903816550970078,-9.87977123260498
1743989217888214000,-0.0015979453455656767,0.019841155037283897,0.07124172896146774,-0.021555863320827484,0.922111988067627,-9.458233833312988
1743989217934488000,0.002796404529362917,-0.01344937365502119,0.0950777530670166,-0.451475590467453,0.6203298568725586,-9.685768127441406
1743989217973063000,-0.009454510174691677,-0.017044750973582268,0.057659197598695755,-0.3317207992076874,0.4478829503059387,-9.445060729980469
1743989218016744000,-0.0030627287924289703,-0.015579967759549618,0.05965662747621536,-0.13891556859016418,0.17603956162929535,-9.815103530883789
1743989218056416000,-0.00439434964209795,-0.01744423806667328,0.042745038866996765,0.252682626247406,0.44069766998291016,-9.898931503295898
1743989218097080000,0.00905502401292324,0.0011984590673819184,0.054596468806266785,0.20597825944423676,0.8215179443359375,-9.771991729736328
1743989218135417000,0.010652969591319561,0.009720834903419018,0.019974317401647568,-0.5748230218887329,0.8023571372032166,-9.669002532958984
1743989218180125000,-0.00013316211698111147,-0.004926998168230057,0.05939030274748802,-0.12813763320446014,0.8358885049819946,-9.755226135253906
1743989218220414000,-0.0029295666608959436,-0.009321347810328007,0.033690016716718674,-0.4215368926525116,0.306572288274765,-10.061798095703125
1743989218259899000,-0.007323916535824537,0.004926998168230057,-0.00026632423396222293,-0.1053842231631279,0.5113530158996582,-9.731274604797363
1743989218304556000,0.04128025472164154,0.1986778825521469,2.5567126274108887,-13.10955810546875,-1.6598014831542969,-7.514613628387451
1743989218345632000,0.03488847613334656,-0.012250915169715881,3.5254671573638916,6.773331642150879,2.910041570663452,-11.349162101745605
1743989218386193000,0.030627286061644554,-0.04634041711688042,1.1992579698562622,1.6909377574920654,0.9592359662055969,-9.807918548583984
1743989218423532000,0.0015979453455656767,-0.02356969378888607,0.8038997054100037,-6.015283584594727,-0.1652616262435913,-9.975574493408203
1743989218468424000,-0.0768345445394516,0.0005326484679244459,2.371217727661133,-1.068212866783142,-2.180734872817993,-8.543307304382324
1743989218509075000,0.007323916535824537,0.007190754171460867,2.4890663623809814,1.3328709602355957,0.5161432027816772,-8.075066566467285
1743989218551648000,0.05393065884709358,0.00013316211698111147,1.9786559343338013,1.8909282684326172,0.06945778429508209,-8.688210487365723
1743989218591192000,0.07457078248262405,0.00186426960863173,1.8279163837432861,-0.6478734612464905,-0.23711450397968292,-9.870190620422363
1743989218633553000,0.07004327327013016,-0.01797688566148281,2.0156750679016113,-0.5987740159034729,-0.0993964821100235,-9.936056137084961
1743989218673819000,0.07443762570619583,-0.0005326484679244459,1.9389735460281372,-0.5568597912788391,-0.14610084891319275,-9.607927322387695
1743989218710146000,0.07843248546123505,0.00439434964209795,1.1649022102355957,-0.14370575547218323,-0.1712493598461151,-10.127663612365723
1743989218756801000,0.03422266244888306,0.025433965027332306,1.3991343975067139,-0.8299007415771484,-0.584403395652771,-9.410331726074219
1743989218799115000,0.028230369091033936,0.006391781382262707,1.3534597158432007,0.3424987196922302,-0.3939932882785797,-10.015093803405762
1743989218837841000,0.016911588609218597,0.02077328972518444,1.0397298336029053,0.5436868071556091,-1.7663832902908325,-9.743250846862793
1743989218879140000,0.015313643030822277,0.024368667975068092,0.8367907404899597,0.15208859741687775,-1.2143136262893677,-9.025918960571289
1743989218922313000,0.02317020855844021,0.006524943746626377,0.8800684213638306,-0.12574253976345062,-1.8370386362075806,-9.05945110321045
1743989218959327000,0.01051980722695589,-0.016112616285681725,0.908565104007721,-0.14969350397586823,0.25747281312942505,-9.787559509277344
1743989218999780000,0.02343653328716755,0.014780995436012745,0.8911209106445312,-0.13173027336597443,0.6418857574462891,-8.654679298400879
1743989219042398000,0.01771056093275547,0.013848859816789627,0.7182764410972595,-0.008382836356759071,0.8490615487098694,-9.507333755493164
1743989219085718000,0.0029295666608959436,0.016512103378772736,0.5182669758796692,0.015568124130368233,0.8574443459510803,-8.98999309539795
1743989219125692000,0.009188186377286911,0.013848859816789627,0.6172063946723938,-0.9053462743759155,0.12813763320446014,-9.098969459533691
1743989219169321000,0.019574830308556557,-0.008389213122427464,0.6012269854545593,-0.5736255049705505,0.20837335288524628,-9.874980926513672
1743989219208611000,0.016911588609218597,-0.024901315569877625,0.49509674310684204,-1.0562373399734497,0.1712493598461151,-9.061845779418945
1743989219248381000,0.02969515137374401,-0.02037380449473858,0.47831833362579346,-0.8071473240852356,-0.33291834592819214,-10.045032501220703
1743989219290767000,0.015979453921318054,0.0175773985683918,0.4064107835292816,-0.6969729661941528,0.6047617197036743,-9.455839157104492
1743989219332828000,0.008122889325022697,-0.0069244299083948135,0.39935317635536194,-0.10418667644262314,0.46225354075431824,-9.827078819274902
1743989219374164000,0.014514670707285404,-0.018775857985019684,0.40481284260749817,0.37722763419151306,-0.22992920875549316,-10.455791473388672
1743989219415339000,0.04474247246980667,0.017177913337945938,0.3203880488872528,0.11616215854883194,0.6311078071594238,-8.344514846801758
1743989219456312000,0.013982022181153297,-0.0069244299083948135,0.3125315010547638,0.04430927708745003,0.306572288274765,-9.886956214904785
1743989219496837000,0.017177913337945938,0.008389213122427464,0.31492841243743896,-0.6323053240776062,0.3257330656051636,-9.913302421569824
1743989219539216000,0.019042182713747025,-0.00519332243129611,0.26006561517715454,-0.16765671968460083,1.1292877197265625,-9.086994171142578
1743989219578801000,0.005592809058725834,0.01331621129065752,0.1771056205034256,-0.7436773180961609,-0.37243741750717163,-9.77558422088623
1743989219620433000,0.009720834903419018,0.000932134804315865,0.235696941614151,-0.23591695725917816,0.8071473240852356,-10.1803560256958
1743989219661153000,0.013582536019384861,0.002396918134763837,0.2869643568992615,-0.46464863419532776,1.1568313837051392,-9.898931503295898
1743989219703282000,0.015579967759549618,0.0067912680096924305,0.18922336399555206,-0.4371050298213959,0.8694198727607727,-9.61391544342041
1743989219744159000,0.007723402697592974,0.012117752805352211,0.19055499136447906,-0.7149361371994019,0.35926440358161926,-9.12531566619873
1743989219786411000,0.00519332243129611,0.006125457584857941,0.21772006154060364,0.2107684463262558,0.5412917137145996,-10.091736793518066
1743989219824109000,0.0054596466943621635,-0.007723402697592974,0.17364339530467987,-0.026346055790781975,1.0215084552764893,-9.651039123535156
1743989219868008000,-0.0013316211989149451,-0.00905502401292324,0.17231178283691406,-0.2670532166957855,0.5113530158996582,-8.83670711517334
1743989219910626000,-0.010253483429551125,-0.012650401331484318,0.17670613527297974,-0.3580668568611145,0.6107494831085205,-10.025872230529785
1743989219949187000,0.0007989726727828383,0.00186426960863173,0.15446805953979492,-0.3305232524871826,1.6286653280258179,-10.284542083740234
1743989219989303000,0.004660673905164003,-0.002796404529362917,0.17830407619476318,-0.5544646978378296,0.5820083022117615,-9.577988624572754
1743989220032695000,-0.0035953770857304335,-0.015579967759549618,0.10559755563735962,-0.692182719707489,0.8634321093559265,-9.92887020111084
1743989220073941000,-0.011318779550492764,0.00519332243129611,0.11119037121534348,-0.4754265546798706,-0.3844129145145416,-9.655829429626465
1743989220114693000,-0.00372853921726346,-0.016245778650045395,0.14368192851543427,-0.4299197196960449,0.17963220179080963,-10.449804306030273
1743989220156669000,0.0029295666608959436,0.004660673905164003,0.12450657784938812,-0.45866087079048157,0.7915792465209961,-9.897734642028809
1743989220194826000,-0.010919293388724327,0.014647833071649075,0.08961810171604156,-0.8837904334068298,-0.2862139642238617,-9.224712371826172
1743989220237763000,-0.007723402697592974,-0.011185618117451668,0.07949778437614441,-0.7065533399581909,0.46824127435684204,-9.210341453552246
1743989220280188000,-0.0054596466943621635,0.0034622149541974068,0.09587672352790833,-0.7975669503211975,-0.06466758996248245,-9.201958656311035
1743989220320358000,-0.00439434964209795,0.010919293388724327,0.08455794304609299,-0.5640451312065125,0.5185382962226868,-10.091736793518066
1743989220361547000,0.0,0.0007989726727828383,0.09081656485795975,-0.22753411531448364,0.9388776421546936,-10.139638900756836
1743989220403958000,0.00665810564532876,-0.009321347810328007,0.08362580835819244,-0.3880055546760559,0.68739253282547,-9.95042610168457
1743989220445338000,0.01198459044098854,-0.012517238967120647,0.07217387109994888,-0.5293161869049072,0.355671763420105,-10.132453918457031
1743989220486610000,0.014248346909880638,-0.009188186377286911,0.060455601662397385,-0.19160768389701843,0.5269210934638977,-10.29053020477295
1743989220523500000,-0.00013316211698111147,-0.0007989726727828383,0.03342369198799133,-0.4957848787307739,0.9364825487136841,-9.764806747436523
1743989220565130000,-0.0017311074770987034,-0.0031958906911313534,0.06631473451852798,-0.5065628290176392,0.6909852027893066,-9.870190620422363
1743989220606643000,0.005725970957428217,-0.0017311074770987034,0.0031958906911313534,-0.5724279284477234,0.2682507634162903,-9.657027244567871
1743989220651729000,-0.0026632423978298903,-0.0069244299083948135,0.022504398599267006,-0.32932570576667786,0.8215179443359375,-9.702533721923828
1743989220692096000,0.005725970957428217,-0.012384076602756977,0.016778426244854927,-0.3185477554798126,0.40477123856544495,-10.243825912475586
1743989220733035000,0.00332905282266438,0.008655537851154804,-0.009188186377286911,-0.2586703598499298,0.6263176202774048,-9.97677230834961
1743989220774835000,0.002396918134763837,-0.008122889325022697,0.009853996336460114,-0.3676472306251526,0.4454878568649292,-9.476197242736816
1743989220814154000,-0.003861701348796487,0.01797688566148281,-0.01185142807662487,-0.2826213240623474,0.7796037197113037,-9.524099349975586
1743989220853754000,0.0035953770857304335,0.011585104279220104,0.005859133321791887,-0.5784156918525696,0.1532861441373825,-9.319318771362305
1743989220895436000,-0.00186426960863173,0.0014647833304479718,-0.00452751200646162,-0.679009735584259,0.3496840298175812,-9.66181755065918
1743989220938104000,0.00519332243129611,0.011718266643583775,-0.01198459044098854,-0.5856009721755981,0.1832248419523239,-9.601940155029297
1743989220980730000,-0.00026632423396222293,-0.007323916535824537,-0.030760448426008224,-0.5915887355804443,0.7843939661979675,-9.91450023651123
1743989221020230000,-0.0030627287924289703,-0.00892186164855957,-0.00452751200646162,-0.24310223758220673,0.45985841751098633,-9.567211151123047
1743989221060013000,0.005060160532593727,-0.004660673905164003,-0.03169258311390877,-0.10418667644262314,0.4359074831008911,-9.569605827331543
1743989221100957000,0.0054596466943621635,-0.0031958906911313534,-0.03835069015622139,-0.04311172664165497,0.1652616262435913,-9.639063835144043
1743989221144649000,0.013715698383748531,-0.016112616285681725,-0.05539543926715851,-0.6610465049743652,0.21555863320827484,-9.891746520996094
1743989221185929000,0.007856564596295357,0.0,-0.012250915169715881,-0.5903911590576172,0.20717580616474152,-9.68337345123291
1743989221227402000,0.007323916535824537,-0.009188186377286911,-0.05965662747621536,-0.3460913598537445,0.3880055546760559,-9.561223030090332
1743989221267822000,0.007057592272758484,-0.0029295666608959436,-0.05939030274748802,-0.5544646978378296,0.23352186381816864,-9.66181755065918
1743989221309747000,0.0021305938716977835,-0.002796404529362917,-0.06431730091571808,-0.6670342087745667,0.23711450397968292,-9.45344352722168
1743989221350968000,-0.0039948634803295135,-0.002796404529362917,-0.042478714138269424,-0.3700423240661621,0.2670532166957855,-9.628286361694336
1743989221392655000,-0.00665810564532876,-0.006524943746626377,-0.0637846514582634,-0.38680800795555115,0.3257330656051636,-9.500147819519043
1743989221434414000,-0.0006658105994574726,-0.006524943746626377,-0.08122888952493668,-0.35088157653808594,0.41674670577049255,-9.601940155029297
1743989221471486000,-0.00026632423396222293,0.0010652969358488917,-0.0840252935886383,-0.48620447516441345,0.19520032405853271,-9.799535751342773
1743989221515630000,-0.00519332243129611,-0.0087886992841959,-0.07909829914569855,-0.42872217297554016,0.645478367805481,-9.666607856750488
1743989221555312000,-0.011052455753087997,-0.0031958906911313534,-0.1777714192867279,-0.32693061232566833,0.9340874552726746,-9.744447708129883
1743989221599090000,-0.0053264847956597805,-0.0013316211989149451,-0.22504398226737976,-0.35686931014060974,0.579613208770752,-9.686965942382812
1743989221640298000,-0.0030627287924289703,-0.0030627287924289703,-0.21825270354747772,-0.571230411529541,0.30297964811325073,-9.532482147216797
1743989221680615000,0.007323916535824537,0.1581965982913971,2.2698814868927,-11.782674789428711,-1.2993395328521729,-9.794745445251465
1743989221721414000,0.1119893416762352,-0.11039139330387115,3.6682169437408447,2.653766393661499,1.6298627853393555,-9.061845779418945
1743989221761842000,0.04940314590930939,-0.07763351500034332,1.0290768146514893,2.2466001510620117,3.435765266418457,-10.045032501220703
1743989221803443000,0.03222523257136345,-0.09254767000675201,0.8206781148910522,-9.434283256530762,-1.5340590476989746,-10.171972274780273
1743989221844274000,-0.02916250377893448,0.016512103378772736,2.57881760597229,-1.735247015953064,-0.3137575685977936,-9.576791763305664
1743989221886758000,0.0175773985683918,0.0030627287924289703,2.511970281600952,1.5843559503555298,-0.2287316620349884,-8.798385620117188
1743989221927715000,-0.02676558494567871,0.049003660678863525,-1.0750178098678589,8.695396423339844,1.7280617952346802,-9.857017517089844
1743989221968855000,0.01038664486259222,-0.03595377132296562,-0.9276072978973389,-8.40439224243164,-0.12813763320446014,-10.289332389831543
1743989222007508000,-0.07137489318847656,0.025300802662968636,0.6140105128288269,-1.1041392087936401,-0.42872217297554016,-9.791152000427246
1743989222051263000,0.02996147610247135,-0.028097206726670265,0.5053502321243286,0.5568597912788391,0.3161526620388031,-9.491765022277832
1743989222092083000,-0.014647833071649075,-0.018909020349383354,-0.054596468806266785,-0.34489381313323975,0.8083449006080627,-9.78875732421875
1743989222131106000,-0.011318779550492764,0.0013316211989149451,0.00665810564532876,-0.4610559940338135,0.6071568131446838,-9.691756248474121
1743989222174648000,-0.012783562764525414,-0.0039948634803295135,-0.00026632423396222293,-0.3616594970226288,0.3856104612350464,-9.68337345123291
1743989222210656000,0.0007989726727828383,0.00372853921726346,-0.004660673905164003,-0.5939838290214539,0.49817997217178345,-9.69654655456543
1743989222257325000,-0.006258619483560324,-0.007190754171460867,0.0067912680096924305,-0.5484769940376282,0.45027804374694824,-9.599544525146484
1743989222294055000,0.0031958906911313534,-0.0011984590673819184,-0.0014647833304479718,-0.534106433391571,0.33890607953071594,-9.742053031921387
1743989222334865000,-0.00186426960863173,0.0013316211989149451,-0.07004327327013016,-0.8370860815048218,0.11256951093673706,-9.624692916870117
1743989222378876000,0.0013316211989149451,0.0021305938716977835,0.0054596466943621635,-0.4311172664165497,0.27184340357780457,-9.64026165008545
1743989222418765000,-0.0011984590673819184,0.0053264847956597805,0.00186426960863173,-0.5185382962226868,0.38321536779403687,-9.782769203186035
1743989222460593000,-0.0021305938716977835,-0.0054596466943621635,-0.0005326484679244459,-0.4778216481208801,0.4011785686016083,-9.628286361694336
1743989222499927000,-0.0013316211989149451,-0.00013316211698111147,-0.00026632423396222293,-0.47422900795936584,0.4969824254512787,-9.682175636291504
1743989222543393000,-0.006258619483560324,0.00332905282266438,-0.06471678614616394,-0.1688542664051056,0.9771991968154907,-9.854622840881348
1743989222583023000,0.004261187743395567,0.00599229522049427,-0.045807767659425735,-0.571230411529541,-0.1113719642162323,-9.6055326461792
1743989222623377000,0.007190754171460867,-0.0015979453455656767,0.0007989726727828383,-0.6418857574462891,0.4993775188922882,-9.682175636291504
1743989222666728000,0.00372853921726346,-0.003861701348796487,-0.00039948633639141917,-0.46225354075431824,0.3700423240661621,-9.799535751342773
1743989222708552000,0.0021305938716977835,-0.012783562764525414,0.0034622149541974068,-0.4430927634239197,0.42033934593200684,-9.682175636291504
1743989222748199000,-0.0011984590673819184,-0.0025300802662968636,0.0029295666608959436,-0.4335123896598816,0.46464863419532776,-9.712114334106445
1743989222784479000,-0.004793836269527674,0.005060160532593727,-0.06351833045482635,0.2838188707828522,0.7149361371994019,-9.604334831237793
1743989222832465000,0.005592809058725834,-0.0029295666608959436,-0.00013316211698111147,-0.579613208770752,0.29699191451072693,-9.688163757324219
1743989222873461000,-0.00039948633639141917,0.00665810564532876,-0.007590240798890591,-0.3484864830970764,0.4239319860935211,-9.666607856750488
1743989222914016000,-0.0015979453455656767,0.0010652969358488917,0.00599229522049427,-0.42632707953453064,0.3951908349990845,-9.703731536865234
1743989222951743000,-0.0067912680096924305,0.0019974317401647568,-0.010919293388724327,-0.5137481093406677,0.3951908349990845,-9.733670234680176
1743989222996394000,0.0013316211989149451,0.0,0.00226375600323081,-0.5041677355766296,0.27543604373931885,-9.667804718017578
